DBP0000034,CGM_DDB_JAKOB,2005-04-14 09:27:12,2013-07-31 20:08:21
DBP0000098,CGM_DDB_JAKOB,2005-11-28 15:41:51,2016-09-21 11:23:56
DBP0000099,CGM_DDB_JAKOB,2005-11-28 15:43:49,2016-09-21 11:24:19
DBP0000100,CGM_DDB_JAKOB,2005-04-27 14:13:48,2013-05-28 13:15:12
DBP0000101,CGM_DDB_JAKOB,2005-11-28 15:49:04,2013-05-28 14:27:52
DBP0000102,CGM_DDB_JAKOB,2005-04-27 14:23:28,2013-05-28 13:14:42
DBP0000103,CGM_DDB_JAKOB,2005-05-09 13:10:26,2013-09-10 15:29:46
DBP0000104,CGM_DDB_JAKOB,2005-04-21 18:45:02,2012-05-30 10:55:32
DBP0000105,CGM_DDB_JAKOB,2005-04-21 18:48:03,2013-08-14 12:42:48
DBP0000106,CGM_DDB_JAKOB,2005-04-22 15:48:31,2012-05-30 10:56:09
DBP0000107,CGM_DDB_JAKOB,2005-04-22 15:34:03,2012-05-30 10:55:27
DBP0000011,CGM_DDB_JAKOB,2005-04-27 14:03:00,2013-05-28 13:18:01
DBP0000012,CGM_DDB_JAKOB,2005-03-01 14:43:20,2012-05-30 10:26:12
DBP0000013,CGM_DDB_JAKOB,2005-11-11 16:00:56,2013-05-28 13:39:32
DBP0000014,CGM_DDB_JAKOB,2005-11-11 16:02:47,2013-05-28 14:31:06
DBP0000015,CGM_DDB_JAKOB,2005-11-11 16:03:38,2013-05-28 14:31:50
DBP0000016,CGM_DDB_JAKOB,2005-11-11 15:59:59,2013-08-14 12:45:32
DBP0000017,CGM_DDB_JAKOB,2006-01-31 16:03:34,2016-01-05 15:28:38
DBP0000018,CGM_DDB_JAKOB,2006-01-31 16:04:27,2017-10-04 11:47:28
DBP0000020,CGM_DDB_JAKOB,2005-11-28 13:39:50,2016-09-21 11:24:45
DBP0000022,CGM_DDB_JAKOB,2005-11-09 14:41:58,2013-05-28 13:59:18
DBP0000023,CGM_DDB_JAKOB,2005-03-02 14:35:40,2012-05-30 10:26:50
DBP0000025,CGM_DDB_JAKOB,2005-09-02 13:16:18,2013-05-24 13:31:06
DBP0000026,CGM_DDB_JAKOB,2005-08-09 14:11:27,2013-05-29 11:53:17
DBP0000027,CGM_DDB_JAKOB,2005-10-08 21:50:31,2013-07-31 13:26:04
DBP0000028,CGM_DDB_JAKOB,2005-08-09 09:35:40,2013-05-29 11:04:23
DBP0000029,CGM_DDB_JAKOB,2005-08-09 09:36:22,2013-05-29 11:04:41
DBP0000030,CGM_DDB_JAKOB,2005-11-30 17:45:01,2013-05-28 13:41:57
DBP0000031,CGM_DDB_JAKOB,2005-03-14 15:53:10,2012-05-30 10:52:11
DBP0000033,CGM_DDB_JAKOB,2005-11-15 13:56:07,2012-11-19 22:55:15
DBP0000035,CGM_DDB_JAKOB,2005-04-14 09:43:32,2013-07-31 20:09:06
DBP0000036,CGM_DDB_JAKOB,2005-03-03 16:20:08,2012-05-30 10:27:54
DBP0000037,CGM_DDB_JAKOB,2005-03-03 16:18:24,2012-05-30 10:27:29
DBP0000038,CGM_DDB_JAKOB,2005-07-28 08:25:50,2013-05-29 10:59:45
DBP0000039,CGM_DDB_JAKOB,2005-08-31 16:36:44,2019-06-04 15:32:29
DBP0000040,CGM_DDB_JAKOB,2005-08-31 16:37:21,2013-05-28 13:26:38
DBP0000041,CGM_DDB_JAKOB,2005-05-25 14:52:07,2019-06-04 15:33:49
DBP0000043,CGM_DDB_JAKOB,2005-11-14 13:39:02,2013-05-28 14:22:07
DBP0000044,CGM_DDB_JAKOB,2005-05-11 15:34:11,2017-01-31 15:35:53
DBP0000045,CGM_DDB_JAKOB,2005-05-11 15:46:45,2017-01-31 12:09:16
DBP0000046,CGM_DDB_JAKOB,2005-08-02 13:57:15,2013-11-22 14:47:45
DBP0000048,CGM_DDB_JAKOB,2005-08-02 08:48:44,2019-06-04 15:35:30
DBP0000117,CGM_DDB_JAKOB,2005-05-10 18:28:13,2012-05-30 11:01:26
DBP0000108,CGM_DDB_JAKOB,2005-04-22 15:58:54,2013-05-28 13:19:29
DBP0000019,CGM_DDB_JAKOB,2005-11-28 13:38:53,2013-05-28 14:24:13
DBP0000158,CGM_DDB_JAKOB,2005-07-06 08:50:03,2013-05-29 11:37:26
DBP0000021,CGM_DDB_JAKOB,2005-07-07 10:57:55,2013-05-29 11:05:20
DBP0000118,CGM_DDB_STEPHY,2005-07-07 12:29:57,2013-07-31 19:59:51
DBP0000119,CGM_DDB_STEPHY,2005-07-06 09:38:23,2013-05-29 11:28:20
DBP0000120,CGM_DDB_STEPHY,2005-07-06 10:38:54,2013-05-29 11:29:45
DBP0000121,CGM_DDB_STEPHY,2005-07-06 10:36:41,2013-05-29 11:29:06
DBP0000122,CGM_DDB_STEPHY,2005-07-06 10:52:39,2013-05-29 10:59:13
DBP0000123,CGM_DDB_STEPHY,2005-07-13 17:16:42,2013-05-29 11:02:16
DBP0000124,CGM_DDB_STEPHY,2005-11-30 16:19:28,2013-05-28 13:40:47
DBP0000125,CGM_DDB_STEPHY,2005-05-25 13:00:23,2013-05-24 11:48:40
DBP0000126,CGM_DDB_STEPHY,2005-05-25 13:02:58,2013-05-29 11:41:54
DBP0000127,CGM_DDB_STEPHY,2005-05-25 13:09:42,2013-05-29 11:40:32
DBP0000128,CGM_DDB_STEPHY,2005-05-25 13:11:44,2013-05-29 11:39:19
DBP0000129,CGM_DDB_STEPHY,2005-05-25 13:13:27,2013-05-29 11:38:26
DBP0000047,CGM_DDB_JAKOB,2005-08-02 13:59:15,2013-05-29 11:11:14
DBP0000051,CGM_DDB_JAKOB,2005-08-02 14:56:19,2013-11-22 14:49:22
DBP0000178,CGM_DDB_STEPHY,2005-08-09 12:17:00,2013-05-29 11:56:43
DBP0000179,CGM_DDB_STEPHY,2005-08-09 12:24:07,2013-05-29 11:58:41
DBP0000180,CGM_DDB_STEPHY,2005-08-09 12:29:59,2013-05-29 11:57:33
DBP0000181,CGM_DDB_STEPHY,2005-08-09 12:34:17,2013-05-29 11:58:13
DBP0000182,CGM_DDB_STEPHY,2005-08-09 12:45:47,2013-05-29 11:52:14
DBP0000183,CGM_DDB_STEPHY,2005-08-09 13:16:37,2013-05-29 11:52:56
DBP0000184,CGM_DDB_STEPHY,2005-08-09 13:25:25,2013-05-29 11:50:59
DBP0000185,CGM_DDB_STEPHY,2005-10-05 15:52:17,2013-05-28 11:20:25
DBP0000186,CGM_DDB_STEPHY,2005-09-22 14:05:29,2013-05-28 11:19:30
DBP0000187,CGM_DDB_STEPHY,2005-08-09 13:55:24,2019-06-04 15:38:10
DBP0000188,CGM_DDB_STEPHY,2006-01-26 14:08:13,2013-05-28 12:57:36
DBP0000189,CGM_DDB_JAKOB,2005-08-09 14:16:46,2013-05-29 11:53:44
DBP0000190,CGM_DDB_STEPHY,2005-08-09 15:56:23,2013-05-29 11:54:25
DBP0000191,CGM_DDB_STEPHY,2005-11-23 14:55:53,2013-05-28 14:25:24
DBP0000192,CGM_DDB_STEPHY,2005-08-09 15:58:05,2013-05-29 11:55:19
DBP0000193,CGM_DDB_STEPHY,2005-08-09 15:50:50,2013-05-29 11:55:05
DBP0000198,CGM_DDB_STEPHY,2005-08-10 13:45:10,2013-07-31 14:27:07
DBP0000075,CGM_DDB_STEPHY,2005-03-10 14:50:52,2012-05-30 10:33:43
DBP0000076,CGM_DDB_STEPHY,2005-03-10 14:58:52,2012-05-30 10:35:33
DBP0000077,CGM_DDB_STEPHY,2005-03-10 15:00:33,2012-05-30 10:35:41
DBP0000078,CGM_DDB_STEPHY,2005-09-19 14:27:00,2019-06-04 15:37:32
DBP0000079,CGM_DDB_STEPHY,2005-11-28 13:42:34,2013-05-28 14:22:42
DBP0000080,CGM_DDB_STEPHY,2005-11-28 13:49:03,2013-05-28 14:23:48
DBP0000081,CGM_DDB_STEPHY,2005-12-07 11:08:26,2012-11-19 23:03:38
DBP0000082,CGM_DDB_STEPHY,2006-02-06 16:38:26,2013-05-24 13:43:26
DBP0000083,CGM_DDB_STEPHY,2005-11-15 17:40:20,2013-05-28 14:30:29
DBP0000084,CGM_DDB_STEPHY,2005-10-08 21:48:35,2013-05-29 10:36:02
DBP0000085,CGM_DDB_STEPHY,2005-03-10 15:20:18,2012-05-30 10:35:54
DBP0000086,CGM_DDB_STEPHY,2005-03-10 15:21:19,2012-05-30 10:36:58
DBP0000087,CGM_DDB_STEPHY,2005-11-15 17:33:08,2013-05-28 14:29:16
DBP0000088,CGM_DDB_STEPHY,2005-10-08 21:44:06,2013-05-24 13:35:12
DBP0000089,CGM_DDB_STEPHY,2005-11-28 15:13:14,2018-10-01 16:34:03
DBP0000090,CGM_DDB_STEPHY,2005-03-14 15:46:35,2012-05-30 10:37:30
DBP0000091,CGM_DDB_STEPHY,2005-09-20 11:26:33,2013-05-28 11:18:10
DBP0000092,CGM_DDB_STEPHY,2005-03-14 15:48:30,2012-05-30 10:38:02
DBP0000093,CGM_DDB_JAKOB,2005-03-14 15:51:24,2012-05-30 10:39:00
DBP0000094,CGM_DDB_JAKOB,2005-04-29 15:13:47,2012-05-30 10:58:27
DBP0000095,CGM_DDB_JAKOB,2005-11-04 12:42:37,2013-05-29 10:52:22
DBP0000096,CGM_DDB_JAKOB,2005-04-29 15:54:09,2012-05-30 10:58:57
DBP0000097,CGM_DDB_JAKOB,2005-03-15 13:14:58,2012-05-30 10:52:39
DBP0000109,CGM_DDB_JAKOB,2005-04-27 11:41:11,2013-05-28 13:16:11
DBP0000110,CGM_DDB_JAKOB,2005-04-27 11:41:41,2013-05-28 13:16:56
DBP0000111,CGM_DDB_JAKOB,2005-07-20 13:35:44,2013-05-29 11:03:11
DBP0000049,CGM_DDB_JAKOB,2005-08-02 15:14:48,2013-05-29 11:12:32
DBP0000050,CGM_DDB_JAKOB,2005-08-02 15:35:54,2013-05-29 11:04:02
DBP0000052,CGM_DDB_STEPHY,2005-10-05 15:46:00,2013-05-28 11:16:31
DBP0000053,CGM_DDB_STEPHY,2005-03-10 11:48:53,2013-08-14 12:36:09
DBP0000054,CGM_DDB_STEPHY,2005-11-15 16:33:08,2012-05-30 11:03:50
DBP0000055,CGM_DDB_STEPHY,2005-11-15 16:19:00,2013-05-24 13:38:01
DBP0000056,CGM_DDB_STEPHY,2005-11-15 16:44:27,2012-11-19 22:51:03
DBP0000057,CGM_DDB_STEPHY,2005-11-15 17:31:54,2013-05-28 14:30:02
DBP0000058,CGM_DDB_STEPHY,2005-11-30 09:31:14,2013-05-28 14:27:00
DBP0000059,CGM_DDB_STEPHY,2005-11-30 15:08:09,2019-06-04 15:36:45
DBP0000060,CGM_DDB_STEPHY,2005-05-10 17:58:04,2012-05-30 11:00:02
DBP0000061,CGM_DDB_STEPHY,2005-05-10 17:58:51,2012-05-30 11:00:39
DBP0000062,CGM_DDB_STEPHY,2005-07-07 13:37:28,2013-05-29 11:01:28
DBP0000063,CGM_DDB_STEPHY,2005-03-14 15:55:41,2012-05-30 10:52:27
DBP0000064,CGM_DDB_STEPHY,2005-11-28 15:18:15,2013-05-28 14:25:54
DBP0000065,CGM_DDB_STEPHY,2005-08-09 14:13:05,2013-05-29 11:51:23
DBP0000066,CGM_DDB_STEPHY,2005-08-01 17:24:58,2013-05-29 11:07:25
DBP0000067,CGM_DDB_STEPHY,2005-03-10 14:54:19,2012-05-30 10:35:17
DBP0000068,CGM_DDB_STEPHY,2005-08-02 09:33:16,2013-05-29 11:08:59
DBP0000069,CGM_DDB_STEPHY,2005-08-01 18:44:26,2013-05-29 11:08:28
DBP0000070,CGM_DDB_STEPHY,2005-09-20 09:34:54,2013-05-28 11:14:01
DBP0000071,CGM_DDB_STEPHY,2005-11-28 13:40:24,2012-11-19 23:01:57
DBP0000072,CGM_DDB_STEPHY,2005-08-02 09:38:30,2013-05-29 10:58:23
DBP0000073,CGM_DDB_STEPHY,2005-11-10 11:11:31,2013-05-28 14:20:48
DBP0000074,CGM_DDB_STEPHY,2005-05-18 14:15:26,2013-05-28 13:20:29
DBP0000116,CGM_DDB_JAKOB,2005-05-11 15:05:02,2013-05-24 11:50:04
DBP0000290,CGM_DDB_JAKOB,2006-05-02 14:56:33,2016-01-29 11:00:24
DBP0000291,CGM_DDB_JAKOB,2006-05-03 15:39:08,2012-05-31 11:27:13
DBP0000292,CGM_DDB_JAKOB,2006-05-17 16:22:54,2012-05-31 11:28:56
DBP0000293,CGM_DDB_JAKOB,2006-05-17 16:23:34,2012-05-31 11:29:00
DBP0000294,CGM_DDB_JAKOB,2006-05-17 16:24:29,2012-05-31 11:29:04
DBP0000295,CGM_DDB_JAKOB,2006-05-17 16:24:45,2012-05-31 11:29:08
DBP0000296,CGM_DDB_JAKOB,2006-05-17 16:25:02,2012-05-31 11:29:12
DBP0000297,CGM_DDB_JAKOB,2006-05-17 16:57:06,2019-06-04 15:41:14
DBP0000298,CGM_DDB_JAKOB,2006-05-17 16:59:20,2012-05-31 11:29:59
DBP0000299,CGM_DDB_JAKOB,2006-07-31 13:20:45,2013-05-26 07:40:56
DBP0000300,CGM_DDB_JAKOB,2006-07-31 13:22:07,2013-05-26 07:42:34
DBP0000301,CGM_DDB_JAKOB,2006-07-31 13:24:58,2012-05-30 11:17:02
DBP0000302,CGM_DDB_JAKOB,2006-07-31 13:27:15,2013-05-28 12:42:41
DBP0000303,CGM_DDB_JAKOB,2006-07-31 13:28:14,2013-07-31 19:47:49
DBP0000305,CGM_DDB_JAKOB,2006-07-31 13:30:53,2013-05-26 07:51:18
DBP0000306,CGM_DDB_JAKOB,2006-07-31 13:32:20,2014-11-10 11:52:59
DBP0000307,CGM_DDB_JAKOB,2006-07-31 13:33:23,2012-05-30 11:14:02
DBP0000308,CGM_DDB_JAKOB,2006-07-31 13:34:05,2012-05-30 11:14:11
DBP0000309,CGM_DDB_JAKOB,2006-07-31 13:35:38,2012-05-30 11:14:19
DBP0000310,CGM_DDB_JAKOB,2006-07-31 13:37:58,2019-05-28 09:54:19
DBP0000311,CGM_DDB_JAKOB,2006-07-31 13:39:09,2013-01-02 12:26:58
DBP0000312,CGM_DDB_JAKOB,2006-07-31 13:41:00,2013-01-02 12:26:31
DBP0000313,CGM_DDB_JAKOB,2006-07-31 13:41:49,2019-10-11 13:21:33
DBP0000314,CGM_DDB_JAKOB,2006-07-31 13:42:44,2013-01-02 12:19:57
DBP0000315,CGM_DDB_JAKOB,2006-07-31 13:43:38,2013-01-02 12:25:34
DBP0000316,CGM_DDB_JAKOB,2006-07-31 13:44:34,2013-01-02 12:22:28
DBP0000317,CGM_DDB_JAKOB,2006-07-31 13:45:49,2013-01-02 12:23:26
DBP0000318,CGM_DDB_JAKOB,2006-07-31 13:46:59,2013-01-02 12:58:57
DBP0000319,CGM_DDB_JAKOB,2006-07-31 13:48:00,2008-09-11 10:43:50
DBP0000320,CGM_DDB_JAKOB,2006-07-31 13:48:14,2017-08-02 13:42:57
DBP0000321,CGM_DDB_JAKOB,2006-07-31 13:49:14,2008-09-11 10:43:49
DBP0000322,CGM_DDB_JAKOB,2006-07-31 13:50:14,2013-01-02 13:03:35
DBP0000323,CGM_DDB_JAKOB,2006-07-31 13:51:15,2013-01-02 12:29:59
DBP0000324,CGM_DDB_JAKOB,2006-07-31 13:52:08,2013-08-14 12:35:04
DBP0000325,CGM_DDB_JAKOB,2006-07-31 15:11:53,2012-05-30 11:45:17
DBP0000326,CGM_DDB_JAKOB,2006-07-31 15:13:19,2012-05-30 11:44:47
DBP0000327,CGM_DDB_JAKOB,2006-07-31 15:14:56,2012-05-30 11:45:51
DBP0000328,CGM_DDB_JAKOB,2006-07-31 15:26:16,2012-05-30 11:46:26
DBP0000329,CGM_DDB_JAKOB,2006-07-31 15:28:15,2012-05-30 11:47:27
DBP0000331,CGM_DDB_JAKOB,2006-07-31 15:30:53,2012-05-30 11:18:46
DBP0000333,CGM_DDB_JAKOB,2006-07-31 15:33:41,2012-05-30 11:19:22
DBP0000334,CGM_DDB_JAKOB,2006-07-31 15:35:03,2013-05-26 07:58:12
DBP0000335,CGM_DDB_JAKOB,2006-07-31 15:36:11,2012-05-30 11:17:36
DBP0000336,CGM_DDB_JAKOB,2006-08-31 10:31:22,2019-06-04 15:15:35
DBP0000339,CGM_DDB_JAKOB,2007-02-08 15:21:39,2019-06-04 15:16:59
DBP0000340,CGM_DDB_JAKOB,2007-02-08 15:28:33,2019-06-04 15:17:44
DBP0000341,CGM_DDB_JAKOB,2007-02-08 15:37:21,2019-06-04 15:18:04
DBP0000342,CGM_DDB_JAKOB,2007-02-08 15:45:22,2019-06-04 15:18:22
DBP0000346,CGM_DDB_JAKOB,2007-02-21 11:24:54,2013-05-26 08:00:20
DBP0000330,CGM_DDB_JAKOB,2006-07-31 15:29:32,2013-05-26 07:56:27
DBP0000344,CGM_DDB_JAKOB,2007-02-21 11:01:40,2013-05-26 08:06:06
DBP0000345,CGM_DDB_JAKOB,2007-02-21 11:17:22,2013-05-26 08:06:51
DBP0000332,CGM_DDB_JAKOB,2006-07-31 15:32:11,2012-05-30 11:19:00
DBP0000348,CGM_DDB_JAKOB,2007-03-30 13:29:51,2013-05-26 08:03:25
DBP0000350,CGM_DDB_JAKOB,2007-05-04 17:06:36,2008-09-11 10:43:50
DBP0000351,CGM_DDB_JAKOB,2007-05-11 14:18:24,2013-01-02 13:04:56
DBP0000354,CGM_DDB_JAKOB,2007-06-01 15:33:31,2013-01-02 13:02:13
DBP0000355,CGM_DDB_JAKOB,2007-06-08 11:20:45,2013-01-02 12:46:51
DBP0000356,CGM_DDB_JAKOB,2007-06-08 13:07:51,2013-08-14 12:25:14
DBP0000357,CGM_DDB_JAKOB,2007-06-08 13:10:16,2013-01-02 12:51:47
DBP0000364,CGM_DDB_JAKOB,2007-06-13 14:32:47,2013-01-02 13:06:00
DBP0000365,CGM_DDB_JAKOB,2007-06-13 14:44:21,2013-01-02 12:43:46
DBP0000366,CGM_DDB_JAKOB,2007-06-13 16:48:29,2013-01-02 12:45:14
DBP0000367,CGM_DDB_JAKOB,2007-07-06 16:38:27,2013-01-02 12:35:01
DBP0000368,CGM_DDB_JAKOB,2007-07-06 16:59:03,2013-01-02 12:35:36
DBP0000353,CGM_DDB_JAKOB,2007-06-01 15:18:21,2013-01-02 12:33:01
DBP0000369,CGM_DDB_JAKOB,2007-07-09 12:38:10,2015-01-21 12:23:38
DBP0000370,CGM_DDB_JAKOB,2007-07-09 12:52:58,2015-01-21 12:16:51
DBP0000371,CGM_DDB_JAKOB,2007-07-09 12:55:41,2015-01-21 12:27:09
DBP0000373,CGM_DDB_JAKOB,2007-07-09 13:00:21,2015-01-21 12:25:50
DBP0000374,CGM_DDB_JAKOB,2007-07-09 13:00:52,2015-01-21 12:24:30
DBP0000376,CGM_DDB_JAKOB,2007-07-13 15:13:33,2013-01-02 13:20:47
DBP0000377,CGM_DDB_JAKOB,2007-07-13 15:16:46,2013-01-02 13:19:34
DBP0000378,CGM_DDB_JAKOB,2007-07-30 22:07:10,2013-01-02 13:00:19
DBP0000379,CGM_DDB_JAKOB,2007-07-30 22:12:56,2013-01-02 13:11:14
DBP0000380,CGM_DDB_JAKOB,2007-07-30 22:14:46,2013-01-02 13:11:52
DBP0000381,CGM_DDB_JAKOB,2007-07-30 22:20:04,2013-01-02 13:15:37
DBP0000382,CGM_DDB_JAKOB,2007-07-30 22:25:13,2013-01-02 13:16:43
DBP0000383,CGM_DDB_JAKOB,2007-07-30 22:26:52,2021-05-07 15:09:41
DBP0000384,CGM_DDB_JAKOB,2007-07-30 22:51:22,2013-01-02 13:18:17
DBP0000385,CGM_DDB_JAKOB,2007-07-30 22:57:49,2013-01-02 12:49:36
DBP0000386,CGM_DDB_JAKOB,2007-08-20 16:07:55,2012-11-19 22:37:31
DBP0000387,CGM_DDB_JAKOB,2007-09-02 12:13:36,2013-05-28 11:45:04
DBP0000388,CGM_DDB_JAKOB,2007-09-02 12:23:31,2013-05-28 11:45:54
DBP0000389,CGM_DDB_JAKOB,2007-09-02 12:26:28,2013-05-26 08:15:16
DBP0000390,CGM_DDB_JAKOB,2007-12-23 14:20:32,2013-05-26 08:09:59
DBP0000392,CGM_DDB_JAKOB,2007-12-23 14:24:20,2013-05-26 08:08:51
DBP0000396,CGM_DDB_JAKOB,2007-12-23 14:39:38,2013-05-26 08:16:13
DBP0000397,CGM_DDB_JAKOB,2007-12-23 14:56:26,2013-05-26 08:17:06
DBP0000352,CGM_DDB_JAKOB,2007-06-01 15:02:07,2019-06-04 15:56:58
DBP0000358,CGM_DDB_JAKOB,2007-06-12 17:36:00,2013-05-24 12:38:39
DBP0000359,CGM_DDB_JAKOB,2007-06-12 17:39:59,2013-05-24 12:39:56
DBP0000360,CGM_DDB_JAKOB,2007-06-12 17:40:20,2013-05-24 12:40:51
DBP0000361,CGM_DDB_JAKOB,2007-06-12 17:41:02,2013-05-24 12:38:54
DBP0000362,CGM_DDB_JAKOB,2007-06-12 17:41:22,2013-05-24 12:39:40
DBP0000363,CGM_DDB_JAKOB,2007-06-12 17:41:47,2013-05-24 12:41:10
DBP0000372,CGM_DDB_JAKOB,2007-07-09 12:57:55,2015-01-21 12:23:04
DBP0000375,CGM_DDB_JAKOB,2007-07-10 13:31:54,2013-01-02 13:21:50
DBP0000391,CGM_DDB_JAKOB,2007-12-23 14:22:51,2013-05-26 08:10:52
DBP0000393,CGM_DDB_JAKOB,2007-12-23 14:25:15,2013-05-26 08:11:56
DBP0000394,CGM_DDB_JAKOB,2007-12-23 14:27:00,2013-05-26 08:12:33
DBP0000395,CGM_DDB_JAKOB,2007-12-23 14:33:12,2013-05-26 08:13:24
DBP0000398,CGM_DDB_JAKOB,2007-12-23 15:01:22,2013-05-26 08:18:28
DBP0000399,CGM_DDB_JAKOB,2007-12-23 15:17:22,2013-05-26 08:17:59
DBP0000400,CGM_DDB_JAKOB,2007-12-23 15:23:23,2013-05-26 08:18:46
DBP0000401,CGM_DDB_JAKOB,2007-12-23 15:27:51,2013-05-26 08:18:13
DBP0000402,CGM_DDB_JAKOB,2007-12-23 15:29:21,2013-05-26 08:19:00
DBP0000403,CGM_DDB_JAKOB,2007-12-27 21:33:47,2013-05-28 11:48:13
DBP0000112,CGM_DDB_JAKOB,2006-05-01 14:40:27,2016-04-26 12:17:18
DBP0000113,CGM_DDB_JAKOB,2005-10-13 14:59:19,2013-05-29 10:41:05
DBP0000115,CGM_DDB_JAKOB,2005-04-28 08:15:56,2017-01-31 13:03:22
DBP0000001,CGM_DDB_JAKOB,2005-03-04 21:07:48,2017-11-17 14:10:17
DBP0000002,CGM_DDB_JAKOB,2005-03-04 21:09:16,2019-06-04 15:28:34
DBP0000003,CGM_DDB_JAKOB,2005-02-26 21:05:16,2019-06-04 15:29:52
DBP0000004,CGM_DDB_JAKOB,2005-02-26 21:07:52,2012-05-30 10:25:28
DBP0000005,CGM_DDB_JAKOB,2005-04-29 11:10:48,2012-05-30 10:57:29
DBP0000006,CGM_DDB_JAKOB,2005-04-29 11:10:30,2012-05-30 10:57:32
DBP0000007,CGM_DDB_JAKOB,2005-04-29 11:10:10,2012-05-30 10:57:36
DBP0000008,CGM_DDB_JAKOB,2005-02-24 16:28:07,2013-05-28 11:02:36
DBP0000009,CGM_DDB_JAKOB,2005-02-24 16:25:01,2018-03-20 10:37:06
DBP0000010,CGM_DDB_JAKOB,2005-02-25 14:57:08,2017-01-31 12:17:17
DBP0000199,CGM_DDB_STEPHY,2005-08-11 16:14:54,2013-05-24 13:28:07
DBP0000201,CGM_DDB_STEPHY,2005-08-10 14:00:24,2013-05-29 10:56:41
DBP0000202,CGM_DDB_STEPHY,2005-11-04 14:37:27,2012-11-19 23:00:35
DBP0000203,CGM_DDB_STEPHY,2005-08-10 14:06:22,2013-05-29 10:56:04
DBP0000204,CGM_DDB_STEPHY,2005-08-10 14:07:20,2012-05-30 11:02:24
DBP0000205,CGM_DDB_STEPHY,2005-08-10 14:08:23,2012-05-30 11:02:53
DBP0000206,CGM_DDB_JAKOB,2005-10-08 21:47:10,2019-06-04 15:39:21
DBP0000207,CGM_DDB_JAKOB,2005-10-14 15:45:34,2013-05-29 10:42:11
DBP0000208,CGM_DDB_JAKOB,2005-10-11 13:26:03,2013-05-29 10:39:41
DBP0000209,CGM_DDB_JAKOB,2005-10-11 13:11:05,2013-05-29 10:38:47
DBP0000210,CGM_DDB_JAKOB,2005-10-12 16:45:22,2013-05-29 10:33:45
DBP0000211,CGM_DDB_JAKOB,2005-10-12 16:42:12,2013-05-29 10:34:29
DBP0000212,CGM_DDB_JAKOB,2005-10-12 16:43:54,2013-05-29 10:40:36
DBP0000213,CGM_DDB_JAKOB,2005-10-13 10:09:37,2013-05-29 10:33:02
DBP0000347,CGM_DDB_JAKOB,2007-03-30 13:14:34,2013-05-26 08:02:14
DBP0000349,CGM_DDB_JAKOB,2007-03-30 13:33:39,2019-06-04 15:19:01
DBP0000214,CGM_DDB_JAKOB,2005-11-04 13:51:07,2013-05-29 10:45:33
DBP0000215,CGM_DDB_JAKOB,2005-10-13 15:07:58,2013-05-29 10:53:22
DBP0000216,CGM_DDB_JAKOB,2005-10-13 15:08:28,2013-05-29 10:54:21
DBP0000217,CGM_DDB_JAKOB,2005-10-31 12:55:12,2013-05-29 10:42:57
DBP0000218,CGM_DDB_JAKOB,2005-11-02 13:07:14,2013-05-29 10:46:23
DBP0000219,CGM_DDB_JAKOB,2005-11-03 17:41:08,2013-05-29 10:51:26
DBP0000220,CGM_DDB_JAKOB,2006-01-30 13:37:42,2013-05-28 12:58:49
DBP0000221,CGM_DDB_JAKOB,2005-11-03 17:27:29,2013-05-29 10:48:23
DBP0000222,CGM_DDB_JAKOB,2005-11-03 17:37:44,2013-05-29 10:50:09
DBP0000223,CGM_DDB_JAKOB,2005-11-04 14:15:05,2020-04-30 10:24:14
DBP0000042,CGM_DDB_JAKOB,2005-11-14 13:24:24,2013-05-28 14:31:33
DBP0000024,CGM_DDB_JAKOB,2005-11-16 10:18:17,2013-05-28 14:28:36
DBP0000224,CGM_DDB_JAKOB,2006-01-31 13:56:21,2013-05-28 13:49:33
DBP0000225,CGM_DDB_JAKOB,2005-11-15 12:13:16,2012-11-19 22:58:15
DBP0000226,CGM_DDB_JAKOB,2005-11-15 12:19:22,2012-11-19 22:57:08
DBP0000032,CGM_DDB_JAKOB,2005-11-15 13:06:57,2013-07-31 13:28:10
DBP0000228,CGM_DDB_JAKOB,2005-12-07 14:17:46,2016-06-08 06:51:09
DBP0000229,CGM_DDB_JAKOB,2005-12-07 14:21:33,2013-08-14 12:19:11
DBP0000230,CGM_DDB_JAKOB,2005-12-07 16:07:09,2016-06-08 06:53:03
DBP0000231,CGM_DDB_JAKOB,2006-01-16 17:37:21,2013-05-28 13:55:13
DBP0000232,CGM_DDB_JAKOB,2006-01-19 10:12:41,2013-05-24 13:40:13
DBP0000233,CGM_DDB_JAKOB,2006-01-19 09:01:40,2013-05-28 13:56:42
DBP0000234,CGM_DDB_JAKOB,2006-01-19 09:57:37,2013-05-28 13:54:39
DBP0000235,CGM_DDB_JAKOB,2006-01-19 09:16:39,2013-05-28 13:57:36
DBP0000236,CGM_DDB_JAKOB,2006-01-19 09:35:27,2013-05-28 13:54:05
DBP0000237,CGM_DDB_JAKOB,2006-01-19 09:48:19,2013-05-28 13:52:46
DBP0000238,CGM_DDB_JAKOB,2006-01-19 09:47:37,2013-05-28 13:52:13
DBP0000239,CGM_DDB_JAKOB,2005-12-08 14:22:01,2008-09-11 10:43:49
DBP0000240,CGM_DDB_JAKOB,2006-01-17 17:33:48,2013-05-28 13:55:45
DBP0000241,CGM_DDB_JAKOB,2006-02-02 12:26:15,2012-11-19 23:04:50
DBP0000242,CGM_DDB_JAKOB,2006-03-21 09:07:12,2013-05-28 12:54:32
DBP0000227,CGM_DDB_JAKOB,2006-01-31 13:54:13,2013-05-28 13:48:44
DBP0000243,CGM_DDB_JAKOB,2006-02-24 12:19:40,2012-05-30 11:06:25
DBP0000244,CGM_DDB_JAKOB,2006-02-24 12:20:03,2012-05-30 11:07:02
DBP0000245,CGM_DDB_JAKOB,2006-02-24 12:25:52,2013-05-28 12:50:51
DBP0000246,CGM_DDB_JAKOB,2006-02-17 22:34:07,2013-05-24 13:41:23
DBP0000247,CGM_DDB_JAKOB,2006-02-17 22:36:28,2013-05-24 13:41:58
DBP0000248,CGM_DDB_JAKOB,2006-02-17 22:40:20,2012-11-19 23:05:53
DBP0000249,CGM_DDB_JAKOB,2006-02-17 22:42:13,2012-11-19 23:06:20
DBP0000250,CGM_DDB_JAKOB,2006-02-17 23:06:21,2013-05-28 13:44:03
DBP0000251,CGM_DDB_JAKOB,2006-02-17 23:08:01,2013-05-28 13:44:59
DBP0000252,CGM_DDB_JAKOB,2006-02-17 23:32:12,2013-05-28 13:46:58
DBP0000253,CGM_DDB_JAKOB,2006-02-17 23:29:52,2013-05-28 13:47:18
DBP0000254,CGM_DDB_JAKOB,2006-02-17 23:31:04,2013-05-28 13:47:36
DBP0000255,CGM_DDB_JAKOB,2006-02-17 23:33:56,2013-05-28 13:47:54
DBP0000256,CGM_DDB_JAKOB,2006-02-17 23:26:14,2013-05-28 13:46:35
DBP0000257,CGM_DDB_JAKOB,2006-02-17 23:52:07,2012-11-19 23:07:59
DBP0000258,CGM_DDB_JAKOB,2006-02-17 23:52:45,2012-11-19 23:07:36
DBP0000259,CGM_DDB_JAKOB,2006-02-17 23:49:14,2012-11-19 23:08:28
DBP0000260,CGM_DDB_JAKOB,2006-02-17 23:57:28,2013-05-28 12:45:09
DBP0000261,CGM_DDB_JAKOB,2006-03-03 15:28:46,2013-05-28 12:53:27
DBP0000262,CGM_DDB_JAKOB,2006-03-03 15:31:27,2013-05-28 12:52:49
DBP0000263,CGM_DDB_JAKOB,2006-03-03 16:29:27,2013-05-28 12:51:54
DBP0000264,CGM_DDB_JAKOB,2006-04-18 11:25:41,2017-01-31 13:01:48
DBP0000265,CGM_DDB_JAKOB,2006-05-01 14:04:53,2019-06-04 15:53:28
DBP0000266,CGM_DDB_JAKOB,2006-05-01 13:18:32,2012-05-30 11:08:30
DBP0000267,CGM_DDB_JAKOB,2006-05-01 13:19:41,2012-05-30 11:08:35
DBP0000268,CGM_DDB_JAKOB,2006-05-01 13:20:29,2012-05-30 11:08:40
DBP0000269,CGM_DDB_JAKOB,2006-05-01 13:22:25,2012-05-30 11:08:48
DBP0000270,CGM_DDB_JAKOB,2006-05-01 13:26:17,2012-05-30 11:09:27
DBP0000271,CGM_DDB_JAKOB,2006-05-01 13:35:12,2013-05-28 11:25:17
DBP0000272,CGM_DDB_JAKOB,2006-05-01 13:39:04,2013-05-24 14:44:29
DBP0000273,CGM_DDB_JAKOB,2006-05-01 13:42:52,2013-05-24 14:43:32
DBP0000274,CGM_DDB_JAKOB,2006-05-01 13:44:24,2013-05-24 14:42:53
DBP0000275,CGM_DDB_JAKOB,2006-05-01 13:46:41,2013-05-28 12:46:36
DBP0000276,CGM_DDB_JAKOB,2006-05-01 13:47:57,2013-05-28 12:47:15
DBP0000277,CGM_DDB_JAKOB,2006-05-01 13:49:38,2013-05-28 12:48:03
DBP0000278,CGM_DDB_JAKOB,2006-05-01 13:50:19,2013-05-28 12:48:34
DBP0000279,CGM_DDB_JAKOB,2006-05-01 13:52:29,2012-05-30 11:10:18
DBP0000280,CGM_DDB_JAKOB,2006-05-01 13:55:29,2013-05-24 14:49:49
DBP0000281,CGM_DDB_JAKOB,2006-05-01 13:58:50,2012-05-30 11:11:49
DBP0000282,CGM_DDB_JAKOB,2006-05-01 14:03:44,2012-05-30 11:11:59
DBP0000283,CGM_DDB_JAKOB,2006-05-01 14:02:01,2012-05-30 11:11:54
DBP0000284,CGM_DDB_JAKOB,2006-05-01 14:27:45,2013-05-24 14:37:48
DBP0000285,CGM_DDB_JAKOB,2006-05-01 14:28:03,2013-05-24 14:36:31
DBP0000286,CGM_DDB_JAKOB,2006-05-01 14:28:35,2013-05-24 14:38:30
DBP0000287,CGM_DDB_JAKOB,2006-05-01 14:25:56,2013-05-24 14:47:46
DBP0000288,CGM_DDB_JAKOB,2006-05-01 14:26:41,2018-10-01 16:10:48
DBP0000289,CGM_DDB_JAKOB,2006-05-02 14:48:28,2013-05-24 14:52:12
DBP0000410,CGM_DDB_JAKOB,2008-03-24 21:35:53,2013-07-31 15:51:16
DBP0000445,CGM_DDB_JAKOB,2008-04-25 13:33:17,2013-05-28 14:42:35
DBP0000460,CGM_DDB_JAKOB,2008-07-07 09:28:32,2008-09-11 10:43:49
DBP0000463,CGM_DDB_JAKOB,2008-08-04 17:03:12,2012-05-30 11:23:56
DBP0000466,CGM_DDB_JAKOB,2008-08-04 17:50:02,2012-05-30 11:25:21
DBP0000499,CGM_DDB_JAKOB,2008-12-10 09:35:41,2013-05-28 11:36:40
DBP0000500,CGM_DDB_JAKOB,2008-12-10 09:39:06,2013-05-24 11:14:13
DBP0000501,CGM_DDB_JAKOB,2008-12-10 09:43:30,2013-05-28 14:32:40
DBP0000502,CGM_DDB_JAKOB,2008-12-10 10:12:05,2013-05-28 14:33:02
DBP0000503,CGM_DDB_JAKOB,2008-12-10 10:16:14,2013-05-28 14:33:21
DBP0000505,CGM_DDB_JAKOB,2008-12-10 10:20:50,2013-05-28 14:33:52
DBP0000506,CGM_DDB_JAKOB,2008-12-10 10:23:08,2013-05-28 14:33:37
DBP0000507,CGM_DDB_JAKOB,2008-12-10 22:05:17,2019-07-30 12:20:57
DBP0000511,CGM_DDB_JAKOB,2008-12-10 22:20:26,2012-11-19 22:23:23
DBP0000516,CGM_DDB_JAKOB,2009-03-21 11:11:54,2017-01-31 12:54:53
DBP0000517,CGM_DDB_JAKOB,2009-03-21 11:15:11,2017-01-31 15:03:46
DBP0000518,CGM_DDB_JAKOB,2009-03-21 11:17:30,2017-01-31 15:04:45
DBP0000519,CGM_DDB_JAKOB,2009-03-21 11:18:51,2017-01-31 15:04:08
DBP0000406,CGM_DDB_JAKOB,2008-02-05 11:09:18,2013-05-28 11:42:37
DBP0000407,CGM_DDB_JAKOB,2008-03-07 17:06:00,2008-09-11 10:43:49
DBP0000408,CGM_DDB_JAKOB,2008-03-20 12:46:26,2012-09-28 14:24:27
DBP0000415,CGM_DDB_JAKOB,2008-03-29 10:51:12,2012-05-30 11:36:35
DBP0000417,CGM_DDB_JAKOB,2008-03-29 10:52:33,2012-05-30 11:35:58
DBP0000419,CGM_DDB_JAKOB,2008-03-29 10:53:14,2012-05-30 11:27:33
DBP0000420,CGM_DDB_JAKOB,2008-03-29 10:53:23,2012-05-30 11:27:54
DBP0000422,CGM_DDB_JAKOB,2008-03-29 10:54:38,2012-05-30 11:28:43
DBP0000425,CGM_DDB_JAKOB,2008-03-29 10:56:53,2012-05-30 11:35:07
DBP0000427,CGM_DDB_JAKOB,2008-03-29 10:57:32,2012-05-30 11:29:13
DBP0000428,CGM_DDB_JAKOB,2008-03-29 10:57:44,2012-05-30 11:34:31
DBP0000433,CGM_DDB_JAKOB,2008-03-29 10:58:53,2012-05-30 11:34:05
DBP0000435,CGM_DDB_JAKOB,2008-03-29 11:00:30,2012-05-30 11:37:25
DBP0000436,CGM_DDB_JAKOB,2008-03-29 11:00:44,2012-05-30 11:37:46
DBP0000438,CGM_DDB_JAKOB,2008-03-29 11:01:21,2012-05-30 11:39:08
DBP0000439,CGM_DDB_JAKOB,2008-03-29 11:01:53,2012-05-30 11:38:45
DBP0000444,CGM_DDB_JAKOB,2008-04-25 13:30:01,2013-05-28 14:43:01
DBP0000446,CGM_DDB_JAKOB,2008-04-25 13:35:05,2013-05-28 14:40:01
DBP0000448,CGM_DDB_JAKOB,2008-05-29 15:50:04,2019-06-04 15:24:34
DBP0000464,CGM_DDB_JAKOB,2008-08-04 17:12:18,2012-05-30 11:24:24
DBP0000465,CGM_DDB_JAKOB,2008-08-04 17:36:44,2012-05-30 11:24:52
DBP0000467,CGM_DDB_JAKOB,2008-08-04 17:55:17,2012-05-30 11:25:56
DBP0000479,CGM_DDB_JAKOB,2008-08-25 17:00:52,2013-05-28 11:38:40
DBP0000482,CGM_DDB_JAKOB,2008-08-25 17:46:24,2012-11-19 22:32:14
DBP0000483,CGM_DDB_JAKOB,2008-08-27 14:44:23,2008-09-11 10:43:51
DBP0000487,CGM_DDB_JAKOB,2008-08-27 15:55:41,2008-09-11 10:43:49
DBP0000493,CGM_DDB_JAKOB,2008-11-11 12:21:37,2013-05-28 11:28:07
DBP0000495,CGM_DDB_JAKOB,2008-12-10 09:16:18,2013-05-28 11:30:07
DBP0000496,CGM_DDB_JAKOB,2008-12-10 09:22:59,2012-11-19 22:28:11
DBP0000504,CGM_DDB_JAKOB,2008-12-10 10:19:03,2013-05-28 14:34:20
DBP0000508,CGM_DDB_JAKOB,2008-12-10 22:11:29,2013-05-28 14:35:11
DBP0000509,CGM_DDB_JAKOB,2008-12-10 22:14:48,2013-05-28 14:34:49
DBP0000510,CGM_DDB_JAKOB,2008-12-10 22:18:09,2012-11-19 22:24:18
DBP0000512,CGM_DDB_JAKOB,2008-12-10 22:29:27,2013-05-28 11:32:02
DBP0000513,CGM_DDB_JAKOB,2008-12-10 22:33:42,2013-05-28 11:32:41
DBP0000514,CGM_DDB_JAKOB,2008-12-10 22:41:17,2012-11-19 22:19:40
DBP0000515,CGM_DDB_JAKOB,2008-12-10 22:43:23,2012-11-19 22:21:29
DBP0000520,CGM_DDB_JAKOB,2009-03-21 11:21:18,2017-01-31 15:03:05
DBP0000405,CGM_DDB_JAKOB,2008-02-05 11:09:00,2013-08-14 12:30:19
DBP0000443,CGM_DDB_JAKOB,2008-04-23 15:33:09,2013-05-28 14:42:07
DBP0000449,CGM_DDB_JAKOB,2008-05-29 15:57:08,2013-05-28 14:40:39
DBP0000454,CGM_DDB_JAKOB,2008-06-18 18:35:35,2013-05-28 14:39:06
DBP0000468,CGM_DDB_PFEY,2008-08-14 12:57:27,2013-07-31 14:18:12
DBP0000481,CGM_DDB_JAKOB,2008-08-25 17:32:50,2012-11-19 22:32:55
DBP0000484,CGM_DDB_JAKOB,2008-08-27 15:04:53,2008-09-11 10:43:50
DBP0000521,CGM_DDB_JAKOB,2009-03-21 11:22:25,2017-01-31 14:58:59
DBP0000522,CGM_DDB_JAKOB,2009-03-21 11:22:53,2017-01-31 15:07:11
DBP0000523,CGM_DDB_JAKOB,2009-03-21 11:23:33,2017-01-31 15:07:52
DBP0000524,CGM_DDB_JAKOB,2009-03-21 11:33:11,2017-01-31 15:08:54
DBP0000525,CGM_DDB_JAKOB,2009-03-21 11:33:53,2017-01-31 15:09:28
DBP0000526,CGM_DDB_JAKOB,2009-03-21 11:34:36,2017-01-31 15:10:19
DBP0000527,CGM_DDB_JAKOB,2009-03-21 11:35:45,2017-01-31 15:10:50
DBP0000528,CGM_DDB_JAKOB,2009-03-21 11:36:25,2017-01-31 15:11:17
DBP0000529,CGM_DDB_JAKOB,2009-03-21 11:37:55,2017-01-31 15:12:20
DBP0000530,CGM_DDB_JAKOB,2009-03-21 11:38:24,2017-01-31 15:12:57
DBP0000531,CGM_DDB_JAKOB,2009-03-21 11:39:14,2017-01-31 15:13:35
DBP0000532,CGM_DDB_JAKOB,2009-03-21 12:34:32,2017-01-31 15:23:16
DBP0000404,CGM_DDB_JAKOB,2007-12-27 21:34:55,2013-05-28 11:47:51
DBP0000409,CGM_DDB_JAKOB,2008-03-24 21:34:01,2013-07-31 15:49:57
DBP0000414,CGM_DDB_JAKOB,2008-03-24 22:17:42,2012-10-01 13:56:42
DBP0000451,CGM_DDB_JAKOB,2008-06-03 10:25:02,2013-05-28 14:37:32
DBP0000453,CGM_DDB_JAKOB,2008-06-04 16:37:12,2019-06-04 15:26:19
DBP0000459,CGM_DDB_JAKOB,2008-07-03 12:41:00,2008-09-11 10:43:51
DBP0000461,CGM_DDB_JAKOB,2008-07-24 11:29:01,2008-09-11 10:43:49
DBP0000469,CGM_DDB_PFEY,2008-08-14 14:00:39,2013-07-31 14:16:41
DBP0000470,CGM_DDB_PFEY,2008-08-14 14:01:20,2013-07-31 14:13:51
DBP0000472,CGM_DDB_JAKOB,2008-08-18 15:54:54,2008-09-11 10:43:50
DBP0000473,CGM_DDB_JAKOB,2008-08-18 15:56:13,2013-07-31 14:07:00
DBP0000475,CGM_DDB_JAKOB,2008-08-18 16:00:40,2011-02-22 12:24:25
DBP0000488,CGM_DDB_JAKOB,2008-08-27 16:07:34,2008-09-11 10:43:50
DBP0000490,CGM_DDB_JAKOB,2008-08-27 16:18:07,2010-08-24 09:12:00
DBP0000491,CGM_DDB_JAKOB,2008-08-27 16:21:43,2008-09-11 10:43:50
DBP0000494,CGM_DDB_JAKOB,2008-12-10 09:12:48,2013-05-24 11:18:03
DBP0000498,CGM_DDB_JAKOB,2008-12-10 09:33:06,2013-05-24 11:15:26
DBP0000416,CGM_DDB_JAKOB,2008-03-29 10:52:06,2012-05-30 11:30:39
DBP0000418,CGM_DDB_JAKOB,2008-03-29 10:52:53,2012-05-30 11:36:08
DBP0000421,CGM_DDB_JAKOB,2008-03-29 10:54:26,2012-05-30 11:28:09
DBP0000423,CGM_DDB_JAKOB,2008-03-29 10:54:50,2012-05-30 11:28:59
DBP0000424,CGM_DDB_JAKOB,2008-03-29 10:56:36,2012-05-30 11:34:54
DBP0000426,CGM_DDB_JAKOB,2008-03-29 10:57:20,2012-05-30 11:35:32
DBP0000429,CGM_DDB_JAKOB,2008-03-29 10:58:00,2012-05-30 11:29:27
DBP0000430,CGM_DDB_JAKOB,2008-03-29 10:58:11,2012-05-30 11:29:43
DBP0000431,CGM_DDB_JAKOB,2008-03-29 10:58:21,2012-05-30 11:29:58
DBP0000432,CGM_DDB_JAKOB,2008-03-29 10:58:39,2012-05-30 11:33:54
DBP0000434,CGM_DDB_JAKOB,2008-03-29 11:00:17,2012-05-30 11:30:16
DBP0000437,CGM_DDB_JAKOB,2008-03-29 11:01:07,2012-05-30 11:39:25
DBP0000440,CGM_DDB_JAKOB,2008-03-29 11:02:06,2012-05-30 11:38:15
DBP0000441,CGM_DDB_JAKOB,2008-03-29 11:02:23,2012-05-30 11:27:15
DBP0000447,CGM_DDB_JAKOB,2008-04-25 13:38:41,2013-05-28 14:40:24
DBP0000442,CGM_DDB_JAKOB,2008-04-15 13:44:05,2019-06-04 15:22:45
DBP0000450,CGM_DDB_JAKOB,2008-06-03 10:22:57,2013-05-28 14:37:14
DBP0000452,CGM_DDB_JAKOB,2008-06-03 10:27:57,2013-05-28 14:38:06
DBP0000455,CGM_DDB_JAKOB,2008-06-18 18:40:41,2012-11-19 22:35:58
DBP0000456,CGM_DDB_JAKOB,2008-06-18 18:45:00,2008-09-11 10:43:50
DBP0000457,CGM_DDB_JAKOB,2008-07-03 12:32:07,2008-09-11 10:43:51
DBP0000458,CGM_DDB_JAKOB,2008-07-03 12:37:03,2008-09-11 10:43:50
DBP0000462,CGM_DDB_JAKOB,2008-07-24 12:10:34,2008-09-11 10:43:49
DBP0000471,CGM_DDB_JAKOB,2008-08-18 15:52:11,2008-09-11 10:43:49
DBP0000474,CGM_DDB_JAKOB,2008-08-18 15:58:00,2010-08-24 09:12:55
DBP0000476,CGM_DDB_JAKOB,2008-08-19 17:30:17,2013-09-11 11:06:44
DBP0000477,CGM_DDB_JAKOB,2008-08-19 17:47:29,2012-05-30 11:23:07
DBP0000478,CGM_DDB_JAKOB,2008-08-25 15:52:14,2013-05-28 11:37:39
DBP0000480,CGM_DDB_JAKOB,2008-08-25 17:13:28,2012-11-19 22:33:32
DBP0000485,CGM_DDB_JAKOB,2008-08-27 15:27:07,2008-09-11 10:43:50
DBP0000486,CGM_DDB_JAKOB,2008-08-27 15:42:40,2008-09-11 10:43:50
DBP0000489,CGM_DDB_JAKOB,2008-08-27 16:14:22,2008-09-11 10:43:50
DBP0000492,CGM_DDB_JAKOB,2008-10-08 09:34:12,2012-11-19 22:29:42
DBP0000497,CGM_DDB_JAKOB,2008-12-10 09:27:20,2012-11-19 22:28:46
DBP0000567,CGM_DDB_JAKOB,2009-03-21 13:34:03,2013-06-20 09:32:52
DBP0000568,CGM_DDB_JAKOB,2009-03-21 13:35:17,2013-06-20 09:31:47
DBP0000571,CGM_DDB_MARC,2009-09-30 15:45:58,2012-06-26 22:50:41
DBP0000572,CGM_DDB_MARC,2009-09-30 15:49:17,2012-06-26 22:51:06
DBP0000573,CGM_DDB_MARC,2009-09-30 15:50:53,2012-06-26 22:51:37
DBP0000578,CGM_DDB_MARC,2009-09-30 16:09:20,2012-06-26 22:53:35
DBP0000635,CGM_DDB_KERRY,2010-09-08 15:43:20,2012-06-27 11:38:36
DBP0000640,CGM_DDB_KERRY,2010-10-07 09:47:04,2012-05-31 11:32:23
DBP0000641,CGM_DDB_KERRY,2010-10-07 09:47:05,2012-05-31 11:32:27
DBP0000642,CGM_DDB_KERRY,2010-10-07 09:47:05,2012-05-31 11:32:31
DBP0000643,CGM_DDB_KERRY,2010-10-07 09:47:05,2012-05-31 11:32:35
DBP0000644,CGM_DDB_KERRY,2010-10-07 09:47:05,2012-05-31 11:32:41
DBP0000645,CGM_DDB_KERRY,2010-10-07 09:47:05,2012-05-31 11:36:44
DBP0000646,CGM_DDB_KERRY,2010-10-07 09:47:05,2012-05-31 11:36:48
DBP0000647,CGM_DDB_KERRY,2010-10-07 09:47:05,2012-05-31 11:36:53
DBP0000648,CGM_DDB_KERRY,2010-10-07 09:47:05,2012-05-31 11:36:58
DBP0000649,CGM_DDB_KERRY,2010-10-07 09:47:05,2012-05-31 11:37:03
DBP0000650,CGM_DDB_KERRY,2010-10-07 09:47:05,2012-05-31 11:44:14
DBP0000651,CGM_DDB_KERRY,2010-10-07 09:47:05,2012-05-31 11:44:17
DBP0000652,CGM_DDB_KERRY,2010-10-07 09:47:05,2012-05-31 11:44:21
DBP0000653,CGM_DDB_KERRY,2010-10-07 09:47:05,2012-05-31 11:44:24
DBP0000654,CGM_DDB_KERRY,2010-10-07 09:47:05,2012-05-31 11:44:31
DBP0000655,CGM_DDB_KERRY,2010-10-07 09:47:05,2011-11-17 17:30:28
DBP0000656,CGM_DDB_KERRY,2010-10-07 09:47:05,2012-06-27 10:36:35
DBP0000657,CGM_DDB_KERRY,2010-10-07 09:47:05,2012-06-27 10:36:09
DBP0000658,CGM_DDB_KERRY,2010-10-07 09:47:05,2012-03-30 15:27:07
DBP0000659,CGM_DDB_KERRY,2010-10-07 09:47:05,2012-06-27 10:37:23
DBP0000660,CGM_DDB_KERRY,2010-10-07 09:47:05,2012-06-27 10:37:53
DBP0000533,CGM_DDB_JAKOB,2009-03-21 12:35:45,2012-09-28 14:28:08
DBP0000534,CGM_DDB_JAKOB,2009-03-21 12:49:24,2012-09-28 14:28:44
DBP0000541,CGM_DDB_JAKOB,2009-03-21 12:54:57,2012-09-28 14:32:20
DBP0000544,CGM_DDB_JAKOB,2009-03-21 12:56:55,2013-05-24 12:12:53
DBP0000545,CGM_DDB_JAKOB,2009-03-21 12:58:02,2013-05-24 12:33:27
DBP0000546,CGM_DDB_JAKOB,2009-03-21 12:58:25,2013-05-24 12:13:18
DBP0000547,CGM_DDB_JAKOB,2009-03-21 12:59:57,2017-01-31 12:19:51
DBP0000558,CGM_DDB_JAKOB,2009-03-21 13:24:32,2013-06-20 09:32:35
DBP0000560,CGM_DDB_JAKOB,2009-03-21 13:25:28,2013-06-20 09:31:33
DBP0000562,CGM_DDB_JAKOB,2009-03-21 13:30:53,2013-06-20 09:33:24
DBP0000563,CGM_DDB_JAKOB,2009-03-21 13:31:45,2013-06-20 09:34:23
DBP0000566,CGM_DDB_JAKOB,2009-03-21 13:33:29,2013-06-20 09:33:05
DBP0000574,CGM_DDB_MARC,2009-09-30 15:55:46,2012-06-26 22:51:59
DBP0000581,CGM_DDB_MARC,2009-09-30 16:16:06,2012-06-26 22:54:44
DBP0000582,CGM_DDB_MARC,2009-09-30 16:33:48,2012-06-26 22:55:09
DBP0000583,CGM_DDB_MARC,2009-09-30 16:39:33,2012-06-26 22:55:32
DBP0000590,CGM_DDB_PASC,2009-12-08 17:55:27,2013-05-24 12:03:08
DBP0000598,CGM_DDB_PASC,2010-03-02 14:59:48,2016-01-05 15:46:09
DBP0000634,CGM_DDB_KERRY,2010-09-08 15:41:27,2012-06-27 11:38:24
DBP0000636,CGM_DDB_KERRY,2010-09-08 15:44:45,2012-06-27 11:38:40
DBP0000676,CGM_DDB_KERRY,2010-11-30 11:38:34,2012-06-27 10:39:52
DBP0000703,CGM_DDB_KERRY,2010-11-30 11:38:36,2012-09-28 14:50:19
DBP0000704,CGM_DDB_KERRY,2010-11-30 11:38:36,2012-09-28 14:51:41
DBP0000705,CGM_DDB_KERRY,2010-11-30 11:38:36,2012-09-28 14:52:01
DBP0000706,CGM_DDB_KERRY,2010-11-30 11:38:36,2012-09-28 14:52:20
DBP0000707,CGM_DDB_KERRY,2010-11-30 11:38:36,2012-09-28 14:53:40
DBP0000708,CGM_DDB_KERRY,2010-11-30 11:38:36,2012-09-28 14:55:04
DBP0000709,CGM_DDB_KERRY,2010-11-30 11:38:36,2012-09-28 14:55:22
DBP0000710,CGM_DDB_KERRY,2010-11-30 11:38:36,2012-09-28 14:55:43
DBP0000580,CGM_DDB_MARC,2009-09-30 16:13:50,2012-06-26 22:54:20
DBP0000585,CGM_DDB_MARC,2009-10-30 13:26:56,2014-03-03 15:21:38
DBP0000592,CGM_DDB_MARC,2009-12-10 17:30:32,2017-02-01 17:43:22
DBP0000593,CGM_DDB_PASC,2009-12-10 17:33:28,2012-06-26 23:00:11
DBP0000604,CGM_DDB_KERRY,2010-06-11 15:03:49,2013-05-24 11:53:57
DBP0000605,CGM_DDB_KERRY,2010-06-11 15:07:58,2013-05-24 11:57:02
DBP0000606,CGM_DDB_KERRY,2010-06-11 15:27:12,2012-06-27 11:30:07
DBP0000621,CGM_DDB_KERRY,2010-08-04 13:30:10,2012-06-27 12:30:27
DBP0000632,CGM_DDB_KERRY,2010-09-08 15:36:55,2012-06-27 11:38:15
DBP0000711,CGM_DDB_KERRY,2010-11-30 11:38:36,2012-09-28 14:56:04
DBP0000712,CGM_DDB_KERRY,2010-11-30 11:38:36,2012-09-28 14:56:22
DBP0000713,CGM_DDB_KERRY,2010-11-30 11:38:36,2012-09-28 14:56:43
DBP0000714,CGM_DDB_KERRY,2010-11-30 11:38:36,2012-09-28 14:57:03
DBP0000715,CGM_DDB_KERRY,2010-11-30 11:38:36,2012-09-28 14:57:19
DBP0000716,CGM_DDB_KERRY,2010-11-30 11:38:36,2012-09-28 14:57:39
DBP0000717,CGM_DDB_KERRY,2010-11-30 11:38:36,2012-08-22 22:24:58
DBP0000718,CGM_DDB_KERRY,2011-03-10 14:21:41,2012-09-28 14:58:15
DBP0000719,CGM_DDB_KERRY,2011-03-23 14:58:49,2012-06-27 10:40:33
DBP0000720,CGM_DDB_KERRY,2011-03-23 15:01:11,2013-09-27 15:05:40
DBP0000722,CGM_DDB_KERRY,2011-07-08 11:37:57,2012-06-27 10:53:50
DBP0000723,CGM_DDB_KERRY,2011-07-08 11:37:58,2012-06-27 11:15:13
DBP0000724,CGM_DDB_KERRY,2011-07-08 11:37:58,2012-06-27 11:15:06
DBP0000725,CGM_DDB_KERRY,2011-07-08 11:37:58,2012-06-27 11:28:02
DBP0000726,CGM_DDB_KERRY,2011-07-08 11:37:58,2012-06-27 11:14:55
DBP0000727,CGM_DDB_KERRY,2011-07-08 11:37:58,2012-06-27 11:12:13
DBP0000728,CGM_DDB_KERRY,2011-07-08 11:37:58,2012-06-27 10:53:54
DBP0000535,CGM_DDB_JAKOB,2009-03-21 12:51:17,2012-09-28 14:29:30
DBP0000536,CGM_DDB_JAKOB,2009-03-21 12:52:00,2012-09-28 14:30:04
DBP0000538,CGM_DDB_JAKOB,2009-03-21 12:53:29,2012-09-28 14:30:38
DBP0000540,CGM_DDB_JAKOB,2009-03-21 12:54:33,2012-09-28 14:31:47
DBP0000542,CGM_DDB_JAKOB,2009-03-21 12:55:23,2012-10-01 13:47:15
DBP0000543,CGM_DDB_JAKOB,2009-03-21 12:56:26,2013-05-24 12:12:36
DBP0000548,CGM_DDB_JAKOB,2009-03-21 13:00:52,2013-07-31 15:24:31
DBP0000549,CGM_DDB_JAKOB,2009-03-21 13:01:32,2017-01-31 12:16:55
DBP0000556,CGM_DDB_JAKOB,2009-03-21 13:23:24,2013-06-20 09:31:04
DBP0000557,CGM_DDB_JAKOB,2009-03-21 13:23:56,2013-06-20 09:32:04
DBP0000559,CGM_DDB_JAKOB,2009-03-21 13:24:58,2013-06-20 09:32:20
DBP0000570,CGM_DDB_MARC,2009-09-30 14:59:19,2012-06-26 22:50:15
DBP0000575,CGM_DDB_MARC,2009-09-30 16:02:04,2012-06-26 22:52:22
DBP0000576,CGM_DDB_MARC,2009-09-30 16:04:57,2012-06-26 22:52:45
DBP0000577,CGM_DDB_MARC,2009-09-30 16:06:56,2012-06-26 22:53:09
DBP0000579,CGM_DDB_MARC,2009-09-30 16:11:50,2012-06-26 22:53:57
DBP0000599,CGM_DDB_PFEY,2010-04-09 10:40:30,2012-06-26 23:01:43
DBP0000619,CGM_DDB_KERRY,2010-08-04 13:27:46,2012-06-27 12:30:14
DBP0000623,CGM_DDB_KERRY,2010-08-06 13:46:30,2012-06-27 12:30:43
DBP0000625,CGM_DDB_KERRY,2010-08-06 13:49:59,2012-06-27 12:33:14
DBP0000629,CGM_DDB_KERRY,2010-08-06 13:58:14,2012-06-27 12:33:51
DBP0000661,CGM_DDB_KERRY,2010-10-19 12:17:59,2012-06-27 10:38:44
DBP0000729,CGM_DDB_KERRY,2011-07-08 11:37:58,2012-06-27 10:53:58
DBP0000730,CGM_DDB_KERRY,2011-07-08 11:37:58,2012-06-27 10:54:02
DBP0000731,CGM_DDB_KERRY,2011-07-08 11:37:58,2012-06-27 10:54:06
DBP0000732,CGM_DDB_KERRY,2011-07-08 11:37:58,2012-06-27 10:54:10
DBP0000733,CGM_DDB_KERRY,2011-07-08 11:37:58,2012-06-27 10:54:14
DBP0000734,CGM_DDB_KERRY,2011-07-08 11:37:58,2011-07-08 11:37:58
DBP0000735,CGM_DDB_KERRY,2011-07-08 11:37:58,2012-06-27 11:07:14
DBP0000633,CGM_DDB_KERRY,2010-09-08 15:39:27,2012-06-27 11:38:20
DBP0000589,CGM_DDB_PASC,2009-12-08 17:48:29,2013-05-24 12:00:27
DBP0000591,CGM_DDB_PASC,2009-12-08 17:58:58,2017-02-01 17:42:31
DBP0000602,CGM_DDB_PFEY,2010-05-05 15:06:54,2012-06-27 11:29:31
DBP0000721,CGM_DDB_KERRY,2011-03-24 14:51:08,2012-06-27 10:41:21
DBP0000736,CGM_DDB_KERRY,2011-07-08 11:37:58,2012-06-27 11:07:26
DBP0000737,CGM_DDB_KERRY,2011-07-08 11:37:58,2012-09-28 14:54:20
DBP0000738,CGM_DDB_KERRY,2011-07-08 11:37:58,2012-06-27 11:07:52
DBP0000739,CGM_DDB_KERRY,2011-07-08 11:37:58,2012-05-31 11:34:32
DBP0000740,CGM_DDB_KERRY,2011-07-08 11:37:58,2012-06-27 11:07:40
DBP0000741,CGM_DDB_KERRY,2011-07-08 11:37:58,2012-06-27 11:25:09
DBP0000742,CGM_DDB_KERRY,2011-07-08 11:37:58,2012-06-27 11:26:21
DBP0000743,CGM_DDB_KERRY,2011-07-08 11:37:58,2012-06-27 11:13:09
DBP0000744,CGM_DDB_KERRY,2011-07-08 11:37:58,2012-06-27 11:13:00
DBP0000745,CGM_DDB_KERRY,2011-07-08 11:37:58,2012-06-27 11:12:52
DBP0000746,CGM_DDB_KERRY,2011-07-08 11:37:58,2012-06-27 11:12:44
DBP0000747,CGM_DDB_KERRY,2011-07-08 11:37:58,2012-06-27 11:12:38
DBP0000748,CGM_DDB_KERRY,2011-07-08 11:37:58,2012-06-27 11:12:21
DBP0000749,CGM_DDB_KERRY,2011-07-08 11:37:58,2012-06-27 11:07:07
DBP0000778,CGM_DDB_KERRY,2011-08-25 16:20:28,2018-01-23 12:02:18
DBP0000779,CGM_DDB_KERRY,2011-08-25 16:20:28,2018-01-23 12:02:29
DBP0000780,CGM_DDB_KERRY,2011-08-25 16:20:28,2018-01-23 12:02:40
DBP0000781,CGM_DDB_KERRY,2011-08-25 16:20:28,2018-01-23 12:06:18
DBP0000782,CGM_DDB_KERRY,2011-08-25 16:20:28,2018-08-15 15:03:10
DBP0000783,CGM_DDB_KERRY,2011-08-25 16:20:29,2018-01-23 12:03:02
DBP0000784,CGM_DDB_KERRY,2011-08-25 16:20:29,2018-01-23 12:03:26
DBP0000785,CGM_DDB_KERRY,2011-08-25 16:20:29,2018-01-23 12:05:19
DBP0000553,CGM_DDB_JAKOB,2009-03-21 13:21:28,2013-06-20 09:29:31
DBP0000555,CGM_DDB_JAKOB,2009-03-21 13:22:10,2013-06-20 09:29:47
DBP0000569,CGM_DDB_MARC,2009-09-30 14:48:15,2012-06-26 22:49:30
DBP0000600,CGM_DDB_PASC,2010-04-26 18:44:05,2012-06-27 11:35:35
DBP0000611,CGM_DDB_KERRY,2010-08-04 13:17:04,2012-06-27 11:32:30
DBP0000614,CGM_DDB_KERRY,2010-08-04 13:20:29,2012-06-27 11:33:38
DBP0000620,CGM_DDB_KERRY,2010-08-04 13:29:02,2012-06-27 12:30:24
DBP0000622,CGM_DDB_KERRY,2010-08-04 13:31:29,2012-06-27 12:30:39
DBP0000624,CGM_DDB_KERRY,2010-08-06 13:48:25,2012-06-27 12:32:56
DBP0000626,CGM_DDB_KERRY,2010-08-06 13:52:06,2010-09-16 10:35:36
DBP0000627,CGM_DDB_KERRY,2010-08-06 13:53:52,2012-06-27 12:33:23
DBP0000639,CGM_DDB_KERRY,2010-09-13 15:03:51,2012-06-27 11:39:55
DBP0000677,CGM_DDB_KERRY,2010-11-30 11:38:35,2012-06-27 12:41:03
DBP0000678,CGM_DDB_KERRY,2010-11-30 11:38:35,2012-06-27 12:40:46
DBP0000679,CGM_DDB_KERRY,2010-11-30 11:38:35,2012-06-27 12:40:32
DBP0000680,CGM_DDB_KERRY,2010-11-30 11:38:35,2012-06-27 12:40:20
DBP0000681,CGM_DDB_KERRY,2010-11-30 11:38:35,2012-06-27 12:40:06
DBP0000684,CGM_DDB_KERRY,2010-11-30 11:38:35,2012-06-27 12:47:38
DBP0000685,CGM_DDB_KERRY,2010-11-30 11:38:35,2012-06-27 12:47:26
DBP0000686,CGM_DDB_KERRY,2010-11-30 11:38:35,2012-06-27 12:47:05
DBP0000687,CGM_DDB_KERRY,2010-11-30 11:38:35,2012-06-27 12:46:47
DBP0000688,CGM_DDB_KERRY,2010-11-30 11:38:35,2012-06-27 12:46:31
DBP0000689,CGM_DDB_KERRY,2010-11-30 11:38:35,2012-06-27 12:46:18
DBP0000690,CGM_DDB_KERRY,2010-11-30 11:38:35,2012-06-27 12:52:56
DBP0000691,CGM_DDB_KERRY,2010-11-30 11:38:36,2012-08-22 22:24:19
DBP0000692,CGM_DDB_KERRY,2010-11-30 11:38:36,2012-09-28 14:57:54
DBP0000693,CGM_DDB_KERRY,2010-11-30 11:38:36,2012-08-22 22:25:24
DBP0000694,CGM_DDB_KERRY,2010-11-30 11:38:36,2012-08-22 22:25:53
DBP0000695,CGM_DDB_KERRY,2010-11-30 11:38:36,2012-09-28 14:45:34
DBP0000696,CGM_DDB_KERRY,2010-11-30 11:38:36,2012-09-28 14:46:03
DBP0000552,CGM_DDB_JAKOB,2009-03-21 13:20:20,2013-06-20 09:29:03
DBP0000554,CGM_DDB_JAKOB,2009-03-21 13:21:48,2013-06-20 09:30:05
DBP0000561,CGM_DDB_JAKOB,2009-03-21 13:29:53,2012-09-28 14:41:14
DBP0000564,CGM_DDB_JAKOB,2009-03-21 13:32:26,2013-06-20 09:34:08
DBP0000565,CGM_DDB_JAKOB,2009-03-21 13:32:52,2013-06-20 09:33:56
DBP0000584,CGM_DDB_MARC,2009-09-30 16:41:54,2012-06-26 22:55:55
DBP0000841,CGM_DDB_KERRY,2013-09-04 14:38:58,2013-09-04 14:38:58
DBP0000601,CGM_DDB_PFEY,2010-05-05 15:05:06,2013-05-24 11:56:46
DBP0000608,CGM_DDB_KERRY,2010-08-04 13:12:27,2012-06-27 11:30:33
DBP0000609,CGM_DDB_KERRY,2010-08-04 13:14:28,2012-06-27 11:30:30
DBP0000610,CGM_DDB_KERRY,2010-08-04 13:15:47,2012-06-27 11:32:21
DBP0000612,CGM_DDB_KERRY,2010-08-04 13:18:10,2018-03-01 13:19:27
DBP0000613,CGM_DDB_KERRY,2010-08-04 13:19:22,2018-03-01 13:25:03
DBP0000615,CGM_DDB_KERRY,2010-08-04 13:21:34,2012-06-27 11:34:04
DBP0000616,CGM_DDB_KERRY,2010-08-04 13:22:34,2012-06-27 11:40:26
DBP0000617,CGM_DDB_KERRY,2010-08-04 13:24:26,2012-06-27 12:29:55
DBP0000618,CGM_DDB_KERRY,2010-08-04 13:25:37,2012-06-27 12:30:05
DBP0000638,CGM_DDB_KERRY,2010-09-13 15:02:44,2012-06-27 11:38:58
DBP0000697,CGM_DDB_KERRY,2010-11-30 11:38:36,2012-09-28 14:46:32
DBP0000698,CGM_DDB_KERRY,2010-11-30 11:38:36,2012-09-28 14:46:59
DBP0000699,CGM_DDB_KERRY,2010-11-30 11:38:36,2012-09-28 14:47:56
DBP0000700,CGM_DDB_KERRY,2010-11-30 11:38:36,2012-09-28 14:48:40
DBP0000701,CGM_DDB_KERRY,2010-11-30 11:38:36,2010-11-30 11:38:36
DBP0000702,CGM_DDB_KERRY,2010-11-30 11:38:36,2012-09-28 14:49:27
DBP0000843,CGM_DDB_KERRY,2014-01-16 12:00:40,2014-01-16 12:00:40
DBP0000537,CGM_DDB_JAKOB,2009-03-21 12:52:32,2012-10-01 13:40:38
DBP0000539,CGM_DDB_JAKOB,2009-03-21 12:54:06,2012-09-28 14:31:14
DBP0000550,CGM_DDB_JAKOB,2009-03-21 13:01:59,2013-07-31 15:25:38
DBP0000551,CGM_DDB_JAKOB,2009-03-21 13:09:49,2013-06-20 09:31:19
DBP0000587,CGM_DDB_PASC,2009-12-08 17:09:19,2012-06-26 22:57:51
DBP0000588,CGM_DDB_PASC,2009-12-08 17:16:34,2013-05-24 11:53:36
DBP0000596,CGM_DDB_PASC,2010-03-02 14:29:25,2012-06-26 23:00:34
DBP0000597,CGM_DDB_PASC,2010-03-02 14:53:57,2012-06-26 23:00:56
DBP0000603,CGM_DDB_KERRY,2010-06-11 10:16:33,2012-06-27 11:29:39
DBP0000630,CGM_DDB_KERRY,2010-08-06 14:00:16,2012-06-27 12:34:50
DBP0000631,CGM_DDB_KERRY,2010-08-06 14:50:51,2012-06-27 12:34:59
DBP0000637,CGM_DDB_KERRY,2010-09-08 15:45:02,2012-06-27 11:38:44
DBP0001013,CGM_DDB_LINA,2017-10-18 16:48:12,2018-03-21 17:14:58
DBP0001014,CGM_DDB_LINA,2017-10-18 16:53:01,2018-03-21 17:14:40
DBP0001020,CGM_DDB_LINA,2017-10-19 11:03:40,2018-01-19 14:37:07
DBP0001026,CGM_DDB_LINA,2017-10-19 12:05:42,2018-01-19 14:38:32
DBP0001028,CGM_DDB_LINA,2017-10-19 12:10:02,2018-01-19 14:41:28
DBP0001029,CGM_DDB_LINA,2017-10-19 12:12:05,2018-01-19 14:41:37
DBP0000668,CGM_DDB_KERRY,2010-11-30 11:35:28,2013-09-27 13:09:10
DBP0000669,CGM_DDB_KERRY,2010-11-30 11:35:28,2013-09-27 13:09:28
DBP0001038,CGM_DDB_LINA,2017-12-15 15:56:51,2017-12-15 16:03:49
DBP0000672,CGM_DDB_KERRY,2010-11-30 11:35:28,2012-06-27 12:46:57
DBP0001030,CGM_DDB_LINA,2017-10-19 12:19:31,2018-01-19 14:41:49
DBP0001039,CGM_DDB_LINA,2017-12-15 15:57:38,2017-12-15 16:04:08
DBP0001040,CGM_DDB_LINA,2017-12-15 15:58:18,2017-12-15 16:04:31
DBP0000801,CGM_DDB_KERRY,2011-09-16 10:36:04,2016-01-05 15:49:57
DBP0000803,CGM_DDB_KERRY,2011-09-16 10:41:17,2011-09-16 10:41:17
DBP0000804,CGM_DDB_KERRY,2012-02-01 10:44:29,2012-02-01 11:04:12
DBP0000805,CGM_DDB_KERRY,2012-03-22 13:44:53,2012-03-22 13:44:53
DBP0000815,CGM_DDB_KERRY,2012-10-11 13:27:43,2017-01-31 12:51:14
DBP0000817,CGM_DDB_KERRY,2012-12-05 23:13:20,2013-05-24 11:56:25
DBP0000820,CGM_DDB_KERRY,2012-12-05 23:27:48,2012-12-05 23:27:48
DBP0000821,CGM_DDB_KERRY,2012-12-05 23:29:15,2012-12-05 23:29:15
DBP0000864,CGM_DDB_KERRY,2015-06-16 13:53:15,2015-06-16 13:53:15
DBP0000861,CGM_DDB_KERRY,2015-06-16 13:49:01,2015-06-16 13:49:01
DBP0000863,CGM_DDB_KERRY,2015-06-16 13:51:52,2015-06-16 13:51:52
DBP0000866,CGM_DDB_KERRY,2015-06-16 13:58:02,2015-06-16 13:58:02
DBP0001041,CGM_DDB_LINA,2017-12-15 16:00:00,2017-12-15 16:00:00
DBP0000818,CGM_DDB_KERRY,2012-12-05 23:19:12,2012-12-05 23:19:12
DBP0000852,CGM_DDB_KERRY,2015-06-16 11:49:30,2015-06-16 11:49:30
DBP0000824,CGM_DDB_KERRY,2012-12-05 23:42:05,2013-05-24 11:56:04
DBP0000825,CGM_DDB_KERRY,2012-12-05 23:48:24,2012-12-05 23:48:24
DBP0000829,CGM_DDB_KERRY,2013-02-21 14:29:19,2013-05-24 12:02:53
DBP0000847,CGM_DDB_KERRY,2015-06-16 11:39:21,2015-06-16 11:42:31
DBP0000854,CGM_DDB_KERRY,2015-06-16 11:52:14,2015-06-16 11:52:14
DBP0000855,CGM_DDB_KERRY,2015-06-16 11:53:30,2015-06-16 11:53:30
DBP0000859,CGM_DDB_KERRY,2015-06-16 13:34:27,2015-06-16 13:34:27
DBP0000865,CGM_DDB_KERRY,2015-06-16 13:56:48,2015-06-16 13:56:48
DBP0000867,CGM_DDB_KERRY,2015-06-16 13:59:07,2015-06-16 13:59:07
DBP0000868,CGM_DDB_KERRY,2015-06-16 14:00:09,2015-06-16 14:00:09
DBP0000869,CGM_DDB_KERRY,2015-06-16 14:01:14,2015-06-16 14:01:14
DBP0000890,CGM_DDB_KERRY,2015-06-17 12:38:06,2015-06-17 12:38:06
DBP0000891,CGM_DDB_KERRY,2015-06-17 12:38:14,2015-06-17 12:38:14
DBP0000786,CGM_DDB_KERRY,2011-08-25 16:20:29,2018-01-23 12:03:54
DBP0000787,CGM_DDB_KERRY,2011-08-25 16:20:29,2018-01-23 12:04:54
DBP0000788,CGM_DDB_KERRY,2011-08-25 16:20:29,2018-01-23 12:04:30
DBP0000789,CGM_DDB_KERRY,2011-08-25 16:20:29,2018-01-23 12:04:43
DBP0000790,CGM_DDB_KERRY,2011-08-25 16:20:29,2018-01-23 12:05:08
DBP0000791,CGM_DDB_KERRY,2011-08-25 16:20:29,2018-01-22 14:45:16
DBP0000792,CGM_DDB_KERRY,2011-08-25 16:20:29,2018-01-23 12:03:44
DBP0000793,CGM_DDB_KERRY,2011-08-25 16:20:29,2018-01-23 11:59:26
DBP0000794,CGM_DDB_KERRY,2011-08-25 16:20:29,2018-01-23 12:01:43
DBP0000795,CGM_DDB_KERRY,2011-08-25 16:20:29,2018-01-23 12:00:50
DBP0000796,CGM_DDB_KERRY,2011-08-25 16:20:29,2018-01-23 12:01:18
DBP0000797,CGM_DDB_KERRY,2011-08-25 16:20:29,2018-01-23 12:02:06
DBP0000798,CGM_DDB_KERRY,2011-08-25 16:20:29,2018-01-23 11:59:43
DBP0000799,CGM_DDB_KERRY,2011-08-25 16:20:29,2018-01-23 12:01:54
DBP0000800,CGM_DDB_KERRY,2011-08-25 16:20:29,2018-01-23 12:01:05
DBP0000806,CGM_DDB_KERRY,2012-04-30 12:41:56,2012-04-30 12:41:56
DBP0000807,CGM_DDB_KERRY,2012-04-30 12:44:10,2012-04-30 12:44:10
DBP0000808,CGM_DDB_KERRY,2012-04-30 12:45:32,2013-09-09 17:03:33
DBP0000812,CGM_DDB_KERRY,2012-06-08 13:25:32,2013-05-24 11:54:17
DBP0000835,CGM_DDB_KERRY,2013-05-17 13:03:34,2013-05-17 13:13:51
DBP0000836,CGM_DDB_KERRY,2013-05-17 13:04:40,2013-05-17 13:14:12
DBP0000837,CGM_DDB_KERRY,2013-05-17 13:05:52,2013-05-17 13:13:29
DBP0000838,CGM_DDB_KERRY,2013-05-17 13:07:28,2013-05-17 13:14:25
DBP0000840,CGM_DDB_PFEY,2013-08-14 14:24:49,2018-09-25 16:25:02
DBP0000850,CGM_DDB_KERRY,2015-06-16 11:46:14,2015-06-16 11:46:14
DBP0000851,CGM_DDB_KERRY,2015-06-16 11:47:29,2015-06-16 11:47:29
DBP0000856,CGM_DDB_KERRY,2015-06-16 11:58:49,2015-06-16 11:58:49
DBP0000858,CGM_DDB_KERRY,2015-06-16 12:01:00,2015-06-16 12:01:00
DBP0000860,CGM_DDB_KERRY,2015-06-16 13:47:31,2015-06-16 13:47:31
DBP0000862,CGM_DDB_KERRY,2015-06-16 13:50:13,2015-06-16 13:50:13
DBP0000892,CGM_DDB_KERRY,2015-06-17 12:38:17,2015-06-17 12:38:17
DBP0000893,CGM_DDB_KERRY,2015-06-17 12:38:19,2015-06-17 12:38:19
DBP0000894,CGM_DDB_KERRY,2015-06-17 12:38:22,2015-06-17 12:38:22
DBP0000895,CGM_DDB_KERRY,2015-06-17 12:38:24,2015-06-17 12:38:24
DBP0000896,CGM_DDB_KERRY,2015-06-18 13:11:29,2015-06-18 13:11:29
DBP0000831,CGM_DDB_KERRY,2013-02-21 14:33:53,2013-02-21 14:43:00
DBP0000832,CGM_DDB_KERRY,2013-02-21 14:36:40,2013-02-21 14:42:29
DBP0000833,CGM_DDB_KERRY,2013-02-21 14:39:47,2013-05-24 11:57:19
DBP0000834,CGM_DDB_KERRY,2013-02-21 14:41:06,2013-02-21 14:42:10
DBP0000846,CGM_DDB_KERRY,2015-06-16 11:37:41,2015-06-16 11:37:41
DBP0000848,CGM_DDB_KERRY,2015-06-16 11:42:39,2015-06-16 11:42:39
DBP0000849,CGM_DDB_KERRY,2015-06-16 11:44:26,2015-06-16 11:44:26
DBP0000853,CGM_DDB_KERRY,2015-06-16 11:50:46,2015-06-16 11:50:46
DBP0000828,CGM_DDB_KERRY,2013-01-29 12:06:34,2017-01-31 15:18:30
DBP0000830,CGM_DDB_KERRY,2013-02-21 14:31:16,2013-05-24 11:57:56
DBP0000819,CGM_DDB_KERRY,2012-12-05 23:25:47,2012-12-05 23:25:47
DBP0000822,CGM_DDB_KERRY,2012-12-05 23:33:40,2012-12-05 23:33:40
DBP0000827,CGM_DDB_KERRY,2012-12-05 23:54:34,2012-12-05 23:54:34
DBP0000839,CGM_DDB_PFEY,2013-08-14 13:51:12,2018-09-25 16:22:09
DBP0000842,CGM_DDB_KERRY,2013-09-04 14:44:47,2013-09-04 14:44:47
DBP0000845,CGM_DDB_BOBD,2015-04-21 12:03:44,2018-09-25 16:26:05
DBP0000857,CGM_DDB_KERRY,2015-06-16 11:59:54,2015-06-16 11:59:54
DBP0000870,CGM_DDB_KERRY,2015-06-16 14:11:38,2015-06-16 14:11:38
DBP0000871,CGM_DDB_KERRY,2015-06-16 14:12:46,2015-06-16 14:12:46
DBP0000876,CGM_DDB_KERRY,2015-06-16 14:20:32,2015-06-16 14:20:32
DBP0000878,CGM_DDB_KERRY,2015-06-17 12:23:56,2015-06-17 12:23:56
DBP0000879,CGM_DDB_KERRY,2015-06-17 12:24:05,2015-06-17 12:24:05
DBP0000880,CGM_DDB_KERRY,2015-06-17 12:24:13,2015-06-17 12:24:13
DBP0000881,CGM_DDB_KERRY,2015-06-17 12:24:23,2015-06-17 12:24:23
DBP0000882,CGM_DDB_KERRY,2015-06-17 12:24:29,2015-06-17 12:24:29
DBP0000802,CGM_DDB_KERRY,2011-09-16 10:39:13,2011-09-16 10:39:13
DBP0000809,CGM_DDB_KERRY,2012-04-30 12:47:02,2012-04-30 12:47:02
DBP0000810,CGM_DDB_KERRY,2012-04-30 12:48:29,2012-04-30 12:48:29
DBP0000811,CGM_DDB_KERRY,2012-04-30 12:50:09,2013-09-09 17:04:04
DBP0000813,CGM_DDB_KERRY,2012-10-11 12:48:04,2012-10-11 12:48:04
DBP0000814,CGM_DDB_KERRY,2012-10-11 12:57:12,2017-09-28 15:05:36
DBP0000816,CGM_DDB_KERRY,2012-10-11 13:28:34,2017-01-31 12:42:46
DBP0000844,CGM_DDB_KERRY,2014-01-16 12:04:45,2014-01-17 11:01:32
DBP0000872,CGM_DDB_KERRY,2015-06-16 14:13:50,2015-06-16 14:13:50
DBP0000873,CGM_DDB_KERRY,2015-06-16 14:16:17,2015-06-16 14:16:17
DBP0000874,CGM_DDB_KERRY,2015-06-16 14:17:39,2015-06-16 14:17:39
DBP0000875,CGM_DDB_KERRY,2015-06-16 14:18:57,2015-06-16 14:18:57
DBP0000877,CGM_DDB_KERRY,2015-06-16 14:25:42,2015-06-16 14:25:42
DBP0000883,CGM_DDB_KERRY,2015-06-17 12:24:36,2015-06-17 12:24:36
DBP0000884,CGM_DDB_KERRY,2015-06-17 12:31:00,2015-06-17 12:31:00
DBP0000885,CGM_DDB_KERRY,2015-06-17 12:31:07,2015-06-17 12:31:07
DBP0000886,CGM_DDB_KERRY,2015-06-17 12:31:09,2015-06-17 12:31:09
DBP0000887,CGM_DDB_KERRY,2015-06-17 12:31:12,2015-06-17 12:31:12
DBP0000888,CGM_DDB_KERRY,2015-06-17 12:31:15,2015-06-17 12:31:15
DBP0000889,CGM_DDB_KERRY,2015-06-17 12:31:19,2015-06-17 12:31:19
DBP0000969,CGM_DDB_PFEY,2016-02-24 19:00:41,2017-01-31 12:59:35
DBP0000966,CGM_DDB_PFEY,2016-02-03 17:16:22,2016-02-24 19:10:53
DBP0000970,CGM_DDB_PFEY,2016-02-24 19:15:02,2016-02-26 15:20:11
DBP0000971,CGM_DDB_PFEY,2016-02-26 17:13:03,2016-02-26 17:23:09
DBP0000972,CGM_DDB_PFEY,2016-02-26 17:19:10,2016-02-26 17:21:46
DBP0000975,CGM_DDB_BOBD,2016-05-06 03:42:26,2016-05-06 03:42:26
DBP0000977,CGM_DDB_LINA,2016-07-20 11:30:54,2016-07-22 15:38:17
DBP0000978,CGM_DDB_LINA,2016-07-20 11:34:37,2016-07-22 15:41:00
DBP0000981,CGM_DDB_LINA,2016-07-20 16:04:59,2016-08-19 13:59:07
DBP0000963,CGM_DDB_PFEY,2016-01-22 16:12:48,2016-03-21 16:16:04
DBP0000964,CGM_DDB_PFEY,2016-01-22 16:12:50,2016-03-21 16:14:54
DBP0000976,CGM_DDB_BOBD,2016-05-06 05:37:54,2016-05-06 05:37:54
DBP0000939,CGM_DDB_KERRY,2015-07-30 14:39:21,2015-07-30 14:39:21
DBP0000940,CGM_DDB_KERRY,2015-07-30 14:39:30,2015-07-30 14:39:30
DBP0000941,CGM_DDB_KERRY,2015-07-30 14:39:36,2015-07-30 14:39:36
DBP0000942,CGM_DDB_KERRY,2015-07-30 14:39:38,2015-07-30 14:39:38
DBP0000943,CGM_DDB_KERRY,2015-07-30 14:39:39,2015-07-30 14:39:39
DBP0000944,CGM_DDB_KERRY,2015-07-30 14:39:42,2015-07-30 14:39:42
DBP0000945,CGM_DDB_KERRY,2015-07-30 14:39:44,2015-07-30 14:39:44
DBP0000946,CGM_DDB_KERRY,2015-07-30 14:39:47,2015-07-30 14:39:47
DBP0000947,CGM_DDB_KERRY,2015-07-30 14:39:49,2015-07-30 14:39:49
DBP0000948,CGM_DDB_KERRY,2015-07-30 14:39:50,2015-07-30 14:39:50
DBP0000949,CGM_DDB_KERRY,2015-07-30 14:39:52,2015-07-30 14:39:52
DBP0000983,CGM_DDB_LINA,2016-08-19 13:41:46,2016-08-26 14:19:37
DBP0000985,CGM_DDB_LINA,2016-08-19 13:49:17,2016-08-26 15:19:39
DBP0000909,CGM_DDB_KERRY,2015-07-08 17:24:28,2015-07-08 17:24:28
DBP0000910,CGM_DDB_KERRY,2015-07-08 17:24:31,2015-07-08 17:24:31
DBP0000911,CGM_DDB_KERRY,2015-07-08 17:24:33,2015-07-08 17:24:33
DBP0000912,CGM_DDB_KERRY,2015-07-08 17:24:35,2015-07-08 17:24:35
DBP0000913,CGM_DDB_KERRY,2015-07-08 17:24:37,2015-07-08 17:24:37
DBP0000914,CGM_DDB_KERRY,2015-07-08 17:24:40,2015-07-08 17:24:40
DBP0000928,CGM_DDB_KERRY,2015-07-30 10:25:56,2015-07-30 10:25:56
DBP0000929,CGM_DDB_KERRY,2015-07-30 10:26:06,2015-07-30 10:26:06
DBP0000930,CGM_DDB_KERRY,2015-07-30 10:26:12,2015-07-30 10:26:12
DBP0000931,CGM_DDB_KERRY,2015-07-30 10:26:19,2015-07-30 10:26:19
DBP0000932,CGM_DDB_KERRY,2015-07-30 10:26:25,2015-07-30 10:26:25
DBP0000933,CGM_DDB_KERRY,2015-07-30 10:26:33,2015-07-30 10:26:33
DBP0000934,CGM_DDB_KERRY,2015-07-30 10:26:39,2015-07-30 10:26:39
DBP0000935,CGM_DDB_KERRY,2015-07-30 10:26:46,2015-07-30 10:26:46
DBP0000936,CGM_DDB_KERRY,2015-07-30 10:26:53,2015-07-30 10:26:53
DBP0000937,CGM_DDB_KERRY,2015-07-30 10:26:55,2015-07-30 10:26:55
DBP0000938,CGM_DDB_KERRY,2015-07-30 10:27:02,2015-07-30 10:27:02
DBP0000979,CGM_DDB_LINA,2016-07-20 11:44:22,2017-01-31 17:24:44
DBP0000980,CGM_DDB_LINA,2016-07-20 16:02:55,2016-08-19 13:58:29
DBP0000903,CGM_DDB_KERRY,2015-07-08 17:17:59,2015-07-08 17:17:59
DBP0000904,CGM_DDB_KERRY,2015-07-08 17:18:07,2015-07-08 17:18:07
DBP0000905,CGM_DDB_KERRY,2015-07-08 17:18:10,2015-07-08 17:18:10
DBP0000906,CGM_DDB_KERRY,2015-07-08 17:18:13,2015-07-08 17:18:13
DBP0000907,CGM_DDB_KERRY,2015-07-08 17:18:16,2015-07-08 17:18:16
DBP0000908,CGM_DDB_KERRY,2015-07-08 17:18:19,2015-07-08 17:18:19
DBP0000915,CGM_DDB_KERRY,2015-07-08 17:32:00,2015-07-08 17:32:00
DBP0000916,CGM_DDB_KERRY,2015-07-08 17:32:04,2015-07-08 17:32:04
DBP0000917,CGM_DDB_KERRY,2015-07-08 17:32:07,2015-07-08 17:32:07
DBP0000918,CGM_DDB_KERRY,2015-07-08 17:32:08,2015-07-08 17:32:08
DBP0000919,CGM_DDB_KERRY,2015-07-08 17:32:10,2015-07-08 17:32:10
DBP0000920,CGM_DDB_KERRY,2015-07-08 17:32:12,2015-07-08 17:32:12
DBP0000921,CGM_DDB_KERRY,2015-07-08 17:33:41,2015-07-08 17:33:41
DBP0000922,CGM_DDB_KERRY,2015-07-08 17:39:22,2015-07-08 17:39:22
DBP0000923,CGM_DDB_KERRY,2015-07-08 17:39:24,2015-07-08 17:39:24
DBP0000924,CGM_DDB_KERRY,2015-07-08 17:39:26,2015-07-08 17:39:26
DBP0000925,CGM_DDB_KERRY,2015-07-08 17:39:28,2015-07-08 17:39:28
DBP0000926,CGM_DDB_KERRY,2015-07-08 17:39:30,2015-07-08 17:39:30
DBP0000927,CGM_DDB_KERRY,2015-07-08 17:39:32,2015-07-08 17:39:32
DBP0000950,CGM_DDB_KERRY,2015-07-30 14:59:00,2015-07-30 14:59:00
DBP0000951,CGM_DDB_KERRY,2015-07-30 14:59:14,2015-07-30 14:59:14
DBP0000952,CGM_DDB_KERRY,2015-07-30 14:59:17,2015-07-30 14:59:17
DBP0000953,CGM_DDB_KERRY,2015-07-30 14:59:19,2015-07-30 14:59:19
DBP0000954,CGM_DDB_KERRY,2015-07-30 14:59:21,2015-07-30 14:59:21
DBP0000955,CGM_DDB_KERRY,2015-07-30 14:59:22,2015-07-30 14:59:22
DBP0000956,CGM_DDB_KERRY,2015-07-30 14:59:24,2015-07-30 14:59:24
DBP0000957,CGM_DDB_KERRY,2015-07-30 14:59:27,2015-07-30 14:59:27
DBP0000958,CGM_DDB_KERRY,2015-07-30 14:59:30,2015-07-30 14:59:30
DBP0000959,CGM_DDB_KERRY,2015-07-30 14:59:31,2015-07-30 14:59:31
DBP0000960,CGM_DDB_KERRY,2015-07-30 14:59:34,2015-07-30 14:59:34
DBP0000965,CGM_DDB_PFEY,2016-02-01 14:40:41,2016-03-21 16:15:26
DBP0000967,CGM_DDB_PFEY,2016-02-03 17:17:26,2016-02-26 15:19:18
DBP0000982,CGM_DDB_LINA,2016-07-20 16:07:47,2016-08-19 13:59:41
DBP0000897,CGM_DDB_KERRY,2015-06-18 13:11:39,2015-06-18 13:11:39
DBP0000898,CGM_DDB_KERRY,2015-06-18 13:11:43,2015-06-18 13:11:43
DBP0000899,CGM_DDB_KERRY,2015-06-18 13:11:46,2015-06-18 13:11:46
DBP0000900,CGM_DDB_KERRY,2015-06-18 13:11:48,2015-06-18 13:11:48
DBP0000901,CGM_DDB_KERRY,2015-06-18 13:11:51,2015-07-08 17:09:30
DBP0000902,CGM_DDB_BOBD,2015-06-25 04:28:47,2018-09-25 16:23:14
DBP0000968,CGM_DDB_PFEY,2016-02-24 18:59:18,2016-02-24 19:06:19
DBP0000973,CGM_DDB_PFEY,2016-04-26 14:16:26,2016-05-04 18:10:38
DBP0000989,CGM_DDB_LINA,2017-01-23 17:12:12,2017-01-31 12:19:37
DBP0000997,CGM_DDB_LINA,2017-02-22 14:51:04,2017-02-22 14:51:04
DBP0000998,CGM_DDB_LINA,2017-02-22 15:00:38,2017-02-23 09:03:06
DBP0000999,CGM_DDB_LINA,2017-02-22 15:06:39,2017-02-22 15:06:39
DBP0001001,CGM_DDB_LINA,2017-08-15 15:31:17,2019-07-19 15:26:59
DBP0001003,CGM_DDB_LINA,2017-08-15 17:47:11,2017-10-18 10:59:39
DBP0001005,CGM_DDB_LINA,2017-08-15 17:59:53,2018-05-04 13:22:40
DBP0001006,CGM_DDB_LINA,2017-08-15 18:06:44,2018-05-04 13:25:19
DBP0001011,CGM_DDB_LINA,2017-10-18 16:33:05,2018-03-21 17:15:23
DBP0001009,CGM_DDB_LINA,2017-09-15 14:12:22,2017-10-18 10:16:27
DBP0001010,CGM_DDB_LINA,2017-09-15 14:12:37,2017-10-18 10:17:04
DBP0001012,CGM_DDB_LINA,2017-10-18 16:36:01,2018-03-21 17:15:14
DBP0001015,CGM_DDB_LINA,2017-10-18 17:06:34,2018-03-21 17:15:33
DBP0001016,CGM_DDB_LINA,2017-10-18 17:13:14,2018-03-21 17:15:49
DBP0001017,CGM_DDB_LINA,2017-10-18 17:18:36,2018-03-21 17:16:01
DBP0001018,CGM_DDB_LINA,2017-10-19 10:51:24,2018-03-21 17:16:12
DBP0001019,CGM_DDB_LINA,2017-10-19 10:53:22,2018-03-21 17:16:25
DBP0001021,CGM_DDB_LINA,2017-10-19 11:37:29,2017-12-20 09:52:11
DBP0001022,CGM_DDB_LINA,2017-10-19 11:46:11,2018-01-19 14:37:40
DBP0001023,CGM_DDB_LINA,2017-10-19 11:49:47,2018-01-19 14:37:57
DBP0001024,CGM_DDB_LINA,2017-10-19 11:54:00,2018-01-19 14:38:08
DBP0000986,CGM_DDB_LINA,2016-10-31 16:26:40,2017-01-31 12:13:01
DBP0000987,CGM_DDB_LINA,2017-01-23 16:02:58,2017-01-31 12:14:31
DBP0000988,CGM_DDB_LINA,2017-01-23 17:06:20,2018-10-01 16:44:13
DBP0000995,CGM_DDB_LINA,2017-01-25 11:18:24,2017-01-31 12:25:39
DBP0000991,CGM_DDB_LINA,2017-01-23 17:20:25,2017-01-24 14:29:52
DBP0000992,CGM_DDB_LINA,2017-01-23 17:23:50,2017-01-31 12:22:39
DBP0000993,CGM_DDB_LINA,2017-01-23 17:27:57,2017-01-31 17:32:41
DBP0000994,CGM_DDB_LINA,2017-01-24 14:05:39,2017-01-31 12:20:23
DBP0000996,CGM_DDB_LINA,2017-02-22 14:20:12,2017-02-22 14:20:12
DBP0001000,CGM_DDB_LINA,2017-02-22 15:29:42,2017-02-22 15:29:42
DBP0001025,CGM_DDB_LINA,2017-10-19 11:57:55,2018-01-19 14:38:21
DBP0001004,CGM_DDB_LINA,2017-08-15 17:49:58,2017-10-18 11:03:40
DBP0001007,CGM_DDB_LINA,2017-08-16 13:27:10,2017-10-18 10:19:07
DBP0001027,CGM_DDB_LINA,2017-10-19 12:07:50,2018-01-19 14:40:55
DBP0001031,CGM_DDB_LINA,2017-11-30 14:01:01,2018-01-19 14:41:58
DBP0001032,CGM_DDB_LINA,2017-12-15 15:44:10,2017-12-15 15:44:10
DBP0001033,CGM_DDB_LINA,2017-12-15 15:49:41,2017-12-15 15:49:41
DBP0001034,CGM_DDB_LINA,2017-12-15 15:51:56,2017-12-15 15:51:56
DBP0001035,CGM_DDB_LINA,2017-12-15 15:52:15,2017-12-15 15:54:38
DBP0001036,CGM_DDB_LINA,2017-12-15 15:53:18,2017-12-15 15:53:18
DBP0001037,CGM_DDB_LINA,2017-12-15 15:55:59,2017-12-15 16:03:33
DBP0001063,CGM_DDB_LINA,2019-05-30 10:47:09,2019-05-30 15:13:37
DBP0001044,CGM_DDB_LINA,2018-08-03 16:37:48,2018-08-10 13:49:36
DBP0001045,CGM_DDB_LINA,2018-08-03 16:40:36,2018-08-10 13:50:58
DBP0001049,CGM_DDB_LINA,2018-08-03 16:50:50,2018-08-10 13:48:04
DBP0001059,CGM_DDB_LINA,2019-05-30 10:34:51,2019-05-30 15:10:11
DBP0001046,CGM_DDB_LINA,2018-08-03 16:44:11,2018-08-10 13:52:47
DBP0001050,CGM_DDB_LINA,2018-08-03 16:52:32,2018-08-10 13:44:54
DBP0001068,CGM_DDB_LINA,2019-05-30 12:54:58,2019-05-30 15:18:09
DBP0001051,CGM_DDB_LINA,2018-08-03 16:54:23,2018-08-10 13:52:02
DBP0001061,CGM_DDB_LINA,2019-05-30 10:40:18,2019-05-30 15:11:45
DBP0001071,CGM_DDB_LINA,2021-04-05 15:28:58,2021-04-05 15:28:58
DBP0001042,CGM_DDB_LINA,2017-12-15 16:01:59,2017-12-15 16:01:59
DBP0001047,CGM_DDB_LINA,2018-08-03 16:47:22,2018-08-10 13:41:17
DBP0001048,CGM_DDB_LINA,2018-08-03 16:49:13,2018-08-10 13:42:50
DBP0001055,CGM_DDB_LINA,2019-05-30 10:17:18,2019-05-30 10:17:18
DBP0001056,CGM_DDB_LINA,2019-05-30 10:17:56,2019-08-05 16:00:37
DBP0001060,CGM_DDB_LINA,2019-05-30 10:37:14,2019-05-30 15:10:58
DBP0001062,CGM_DDB_LINA,2019-05-30 10:45:01,2019-05-30 15:12:58
DBP0001064,CGM_DDB_LINA,2019-05-30 12:40:13,2019-05-30 15:14:29
DBP0001065,CGM_DDB_LINA,2019-05-30 12:42:10,2019-05-30 15:16:17
DBP0001066,CGM_DDB_LINA,2019-05-30 12:43:40,2019-05-30 15:17:00
DBP0001043,CGM_DDB_LINA,2018-05-22 12:59:47,2018-05-22 12:59:47
DBP0001053,CGM_DDB_LINA,2019-03-05 17:21:10,2019-03-05 17:21:10
DBP0001054,CGM_DDB_LINA,2019-03-05 17:27:22,2019-03-05 17:27:22
DBP0001057,CGM_DDB_LINA,2019-05-30 10:23:30,2019-05-30 15:08:13
DBP0001058,CGM_DDB_LINA,2019-05-30 10:26:34,2019-05-30 15:08:55
DBP0001067,CGM_DDB_LINA,2019-05-30 12:48:09,2019-08-05 16:03:30
DBP0001069,CGM_DDB_LINA,2019-07-03 14:43:56,2020-06-04 15:11:13
DBP0001070,CGM_DDB_LINA,2019-07-03 14:44:44,2019-07-03 14:44:44
