DBS0236830	DDB_G0286557
DBS0236426	DDB_G0278739
DBS0236895	DDB_G0273397
DBS0236896	DDB_G0284329
DBS0236440	DDB_G0277829
DBS0236436	DDB_G0284329
DBS0236455	DDB_G0273397
DBS0236831	DDB_G0286557
DBS0236464	DDB_G0273397
DBS0236767	DDB_G0277399
DBS0237017	DDB_G0276353
DBS0235560	DDB_G0285161
DBS0236457	DDB_G0276267
DBS0236457	DDB_G0277829
DBS0236575	DDB_G0276267
DBS0237092	DDB_G0283605
DBS0235407	DDB_G0273397
DBS0237018	DDB_G0276353
DBS0235945	DDB_G0272002
DBS0236414	DDB_G0285995
DBS0236415	DDB_G0285995
DBS0235609	DDB_G0292806
DBS0236866	DDB_G0293434
DBS0236142	DDB_G0282817
DBS0236290	DDB_G0281563
DBS0236327	DDB_G0285995
DBS0236530	DDB_G0277143
DBS0236443	DDB_G0279409
DBS0236867	DDB_G0293434
DBS0235559	DDB_G0285161
DBS0236876	DDB_G0271916
DBS0236456	DDB_G0273397
DBS0236456	DDB_G0276267
DBS0236369	DDB_G0276887
DBS0236962	DDB_G0277863
DBS0235972	DDB_G0282923
DBS0235562	DDB_G0281545
DBS0236138	DDB_G0285161
DBS0236391	DDB_G0279413
DBS0237044	DDB_G0291858
DBS0236184	DDB_G0271144
DBS0236362	DDB_G0276887
DBS0236528	DDB_G0277143
DBS0235537	DDB_G0291858
DBS0235548	DDB_G0291858
DBS0235564	DDB_G0273397
DBS0235564	DDB_G0277829
DBS0235565	DDB_G0273397
DBS0235565	DDB_G0277829
DBS0235627	DDB_G0280983
DBS0235629	DDB_G0289395
DBS0235630	DDB_G0283619
DBS0235984	DDB_G0285425
DBS0236451	DDB_G0286185
DBS0236446	DDB_G0280045
DBS0236376	DDB_G0276887
DBS0236546	DDB_G0286355
DBS0236568	DDB_G0276267
DBS0236354	DDB_G0276887
DBS0236329	DDB_G0276887
DBS0236484	DDB_G0283907
DBS0236289	DDB_G0272110
DBS0236296	DDB_G0281553
DBS0236288	DDB_G0284331
DBS0236261	DDB_G0276153
DBS0236259	DDB_G0289329
DBS0236390	DDB_G0279413
DBS0236531	DDB_G0277143
DBS0236527	DDB_G0273397
DBS0236527	DDB_G0277143
DBS0236007	DDB_G0284329
DBS0235626	DDB_G0285161
DBS0237087	DDB_G0283605
DBS0235610	DDB_G0273397
DBS0236389	DDB_G0277399
DBS0236739	DDB_G0277863
DBS0235635	DDB_G0278971
DBS0236370	DDB_G0276887
DBS0236349	DDB_G0276887
DBS0236331	DDB_G0276887
DBS0236957	DDB_G0289073
DBS0236350	DDB_G0276887
DBS0236444	DDB_G0279409
DBS0236141	DDB_G0282817
DBS0236445	DDB_G0280045
DBS0236429	DDB_G0280045
DBS0236430	DDB_G0280045
DBS0235568	DDB_G0277831
DBS0236783	DDB_G0283907
DBS0236150	DDB_G0276267
DBS0236438	DDB_G0273397
DBS0236449	DDB_G0280045
DBS0235953	DDB_G0276887
DBS0236324	DDB_G0285995
DBS0236961	DDB_G0281381
DBS0236145	DDB_G0275931
DBS0236146	DDB_G0275931
DBS0236309	DDB_G0291982
DBS0235692	DDB_G0269124
DBS0235683	DDB_G0267376
DBS0235689	DDB_G0292266
DBS0236367	DDB_G0280961
DBS0236360	DDB_G0284331
DBS0236366	DDB_G0276887
DBS0236366	DDB_G0280961
DBS0236979	DDB_G0277863
DBS0237023	DDB_G0277863
DBS0235461	DDB_G0280531
DBS0235463	DDB_G0286119
DBS0237001	DDB_G0277141
DBS0236738	DDB_G0277863
DBS0236924	DDB_G0285253
DBS0236740	DDB_G0277863
DBS0235668	DDB_G0283263
DBS0235670	DDB_G0269154
DBS0236941	DDB_G0267452
DBS0236941	DDB_G0292264
DBS0236447	DDB_G0280045
DBS0235459	DDB_G0268632
DBS0236077	DDB_G0269100
DBS0236168	DDB_G0269100
DBS0236175	DDB_G0277855
DBS0235923	DDB_G0289327
DBS0236951	DDB_G0281387
DBS0236167	DDB_G0269100
DBS0236353	DDB_G0272520
DBS0236374	DDB_G0289881
DBS0236375	DDB_G0286191
DBS0236333	DDB_G0271096
DBS0236336	DDB_G0292390
DBS0236337	DDB_G0292390
DBS0236338	DDB_G0286191
DBS0236338	DDB_G0292390
DBS0236344	DDB_G0269244
DBS0236468	DDB_G0277853
DBS0236469	DDB_G0286119
DBS0236470	DDB_G0267422
DBS0236472	DDB_G0281561
DBS0236920	DDB_G0282819
DBS0235466	DDB_G0280961
DBS0236725	DDB_G0277861
DBS0237225	DDB_G0289815
DBS0237042	DDB_G0291858
DBS0235950	DDB_G0292264
DBS0237030	DDB_G0285995
DBS0237029	DDB_G0285995
DBS0236750	DDB_G0285995
DBS0236326	DDB_G0285995
DBS0236840	DDB_G0292264
DBS0236607	DDB_G0292264
DBS0236606	DDB_G0292264
DBS0236986	DDB_G0269124
DBS0235900	DDB_G0291372
DBS0235566	DDB_G0288179
DBS0236160	DDB_G0292736
DBS0236899	DDB_G0273397
DBS0236899	DDB_G0277829
DBS0236897	DDB_G0273397
DBS0236897	DDB_G0277829
DBS0236439	DDB_G0273397
DBS0235460	DDB_G0285161
DBS0236987	DDB_G0277845
DBS0236987	DDB_G0280961
DBS0235465	DDB_G0281561
DBS0235682	DDB_G0269124
DBS0235666	DDB_G0280047
DBS0235644	DDB_G0289115
DBS0235645	DDB_G0291231
DBS0235646	DDB_G0289115
DBS0235646	DDB_G0291231
DBS0235648	DDB_G0290687
DBS0235649	DDB_G0289115
DBS0235649	DDB_G0290687
DBS0235649	DDB_G0291231
DBS0236392	DDB_G0279413
DBS0237056	DDB_G0282923
DBS0236698	DDB_G0280961
DBS0236377	DDB_G0289881
DBS0236378	DDB_G0289881
DBS0237232	DDB_G0287125
DBS0236826	DDB_G0286187
DBS0236827	DDB_G0286187
DBS0236827	DDB_G0287125
DBS0235555	DDB_G0267422
DBS0235557	DDB_G0275323
DBS0235678	DDB_G0279413
DBS0235418	DDB_G0279413
DBS0235661	DDB_G0267442
DBS0236779	DDB_G0275635
DBS0236086	DDB_G0285995
DBS0236111	DDB_G0285995
DBS0236383	DDB_G0283903
DBS0236737	DDB_G0277863
DBS0236709	DDB_G0276459
DBS0236418	DDB_G0276939
DBS0236479	DDB_G0281561
DBS0236458	DDB_G0281561
DBS0236716	DDB_G0267450
DBS0236708	DDB_G0276459
DBS0236715	DDB_G0267450
DBS0236715	DDB_G0276459
DBS0236939	DDB_G0287587
DBS0236875	DDB_G0271916
DBS0235611	DDB_G0275007
DBS0235624	DDB_G0274597
DBS0235585	DDB_G0273175
DBS0235581	DDB_G0271134
DBS0235580	DDB_G0271134
DBS0235579	DDB_G0271134
DBS0235582	DDB_G0269112
DBS0235583	DDB_G0269112
DBS0237088	DDB_G0283605
DBS0235594	DDB_G0283613
DBS0235595	DDB_G0283613
DBS0235572	DDB_G0288179
DBS0236853	DDB_G0281385
DBS0236448	DDB_G0280045
DBS0236854	DDB_G0281385
DBS0236860	DDB_G0292996
DBS0236452	DDB_G0286185
DBS0236453	DDB_G0286185
DBS0236419	DDB_G0277903
DBS0236416	DDB_G0283761
DBS0236346	DDB_G0292390
DBS0236347	DDB_G0289881
DBS0236371	DDB_G0289881
DBS0236372	DDB_G0271096
DBS0236905	DDB_G0294046
DBS0236544	DDB_G0291247
DBS0236340	DDB_G0286191
DBS0236123	DDB_G0288877
DBS0236126	DDB_G0274387
DBS0236127	DDB_G0274387
DBS0235657	DDB_G0281381
DBS0236304	DDB_G0292390
DBS0236305	DDB_G0292390
DBS0236307	DDB_G0269124
DBS0236306	DDB_G0292390
DBS0236461	DDB_G0275323
DBS0236461	DDB_G0281561
DBS0236959	DDB_G0281381
DBS0236960	DDB_G0281381
DBS0236124	DDB_G0274387
DBS0236125	DDB_G0274387
DBS0236332	DDB_G0277853
DBS0236334	DDB_G0276887
DBS0236335	DDB_G0277853
DBS0236339	DDB_G0276887
DBS0236341	DDB_G0267412
DBS0236342	DDB_G0276887
DBS0236343	DDB_G0267412
DBS0236352	DDB_G0274135
DBS0236985	DDB_G0269124
DBS0235584	DDB_G0269248
DBS0235612	DDB_G0289157
DBS0235493	DDB_G0275695
DBS0235495	DDB_G0275695
DBS0235492	DDB_G0275695
DBS0235496	DDB_G0275695
DBS0235494	DDB_G0275695
DBS0235544	DDB_G0275695
DBS0237015	DDB_G0277863
DBS0237016	DDB_G0277863
DBS0236361	DDB_G0276887
DBS0236361	DDB_G0284331
DBS0236363	DDB_G0276887
DBS0236363	DDB_G0284331
DBS0236364	DDB_G0276887
DBS0236364	DDB_G0280961
DBS0235567	DDB_G0288179
DBS0235467	DDB_G0285161
DBS0236999	DDB_G0276761
DBS0236988	DDB_G0274191
DBS0237000	DDB_G0277853
DBS0237014	DDB_G0280537
DBS0235410	DDB_G0279413
DBS0236996	DDB_G0276761
DBS0237004	DDB_G0276941
DBS0235411	DDB_G0279413
DBS0237002	DDB_G0276761
DBS0237002	DDB_G0276941
DBS0237003	DDB_G0276761
DBS0237003	DDB_G0277141
DBS0237005	DDB_G0276761
DBS0237005	DDB_G0276941
DBS0237005	DDB_G0277141
DBS0237007	DDB_G0277853
DBS0236981	DDB_G0276761
DBS0237013	DDB_G0285793
DBS0236083	DDB_G0287271
DBS0236063	DDB_G0287271
DBS0235406	DDB_G0287271
DBS0236060	DDB_G0287271
DBS0236061	DDB_G0287271
DBS0236062	DDB_G0287271
DBS0236006	DDB_G0270666
DBS0236018	DDB_G0289253
DBS0237028	DDB_G0277879
DBS0236539	DDB_G0275687
DBS0236539	DDB_G0275689
DBS0237046	DDB_G0268144
DBS0235647	DDB_G0286355
DBS0235650	DDB_G0282489
DBS0235413	DDB_G0280975
DBS0236450	DDB_G0280045
DBS0236541	DDB_G0269152
DBS0236542	DDB_G0269152
DBS0236542	DDB_G0289067
DBS0236938	DDB_G0289067
DBS0236904	DDB_G0294046
DBS0236311	DDB_G0288181
DBS0235547	DDB_G0277379
DBS0236365	DDB_G0276887
DBS0236365	DDB_G0280961
DBS0236359	DDB_G0276887
DBS0236368	DDB_G0284331
DBS0235990	DDB_G0288755
DBS0236900	DDB_G0284611
DBS0237009	DDB_G0269132
DBS0237006	DDB_G0276761
DBS0237006	DDB_G0276941
DBS0237006	DDB_G0277141
DBS0235469	DDB_G0285161
DBS0235470	DDB_G0286119
DBS0235974	DDB_G0282923
DBS0235654	DDB_G0287033
DBS0235655	DDB_G0287033
DBS0235985	DDB_G0292810
DBS0235987	DDB_G0292810
DBS0236116	DDB_G0289073
DBS0236956	DDB_G0285161
DBS0236535	DDB_G0269154
DBS0236958	DDB_G0284331
DBS0236975	DDB_G0286121
DBS0236982	DDB_G0272833
DBS0236983	DDB_G0272833
DBS0236481	DDB_G0275323
DBS0236459	DDB_G0275323
DBS0236462	DDB_G0275323
DBS0236462	DDB_G0276333
DBS0236480	DDB_G0267422
DBS0236460	DDB_G0275323
DBS0236463	DDB_G0267422
DBS0236463	DDB_G0275323
DBS0236465	DDB_G0281561
DBS0236474	DDB_G0275323
DBS0236476	DDB_G0267422
DBS0236467	DDB_G0281561
DBS0236477	DDB_G0267422
DBS0236475	DDB_G0276333
DBS0236466	DDB_G0276761
DBS0236473	DDB_G0276333
DBS0236473	DDB_G0281561
DBS0236471	DDB_G0276333
DBS0236482	DDB_G0267422
DBS0236482	DDB_G0281561
DBS0236483	DDB_G0267422
DBS0236483	DDB_G0276333
DBS0236325	DDB_G0285995
DBS0236122	DDB_G0274387
DBS0237035	DDB_G0289541
DBS0236880	DDB_G0278737
DBS0236784	DDB_G0268620
DBS0236015	DDB_G0289207
DBS0236016	DDB_G0289207
DBS0236017	DDB_G0289253
DBS0236417	DDB_G0277759
DBS0237220	DDB_G0276947
DBS0237315	DDB_G0276947
DBS0236766	DDB_G0278727
DBS0236766	DDB_G0283081
DBS0235951	DDB_G0285211
DBS0235952	DDB_G0282147
DBS0235491	DDB_G0282375
DBS0235490	DDB_G0282375
DBS0235468	DDB_G0285161
DBS0237010	DDB_G0272562
DBS0237010	DDB_G0272756
DBS0237010	DDB_G0272833
DBS0237011	DDB_G0272562
DBS0237011	DDB_G0272756
DBS0237011	DDB_G0272833
DBS0237011	DDB_G0289073
DBS0236064	DDB_G0277401
DBS0236696	DDB_G0276973
DBS0236697	DDB_G0276973
DBS0236843	DDB_G0276967
DBS0236844	DDB_G0276967
DBS0236573	DDB_G0281969
DBS0236067	DDB_G0269216
DBS0236994	DDB_G0280531
DBS0236994	DDB_G0288755
DBS0236995	DDB_G0280531
DBS0236990	DDB_G0280531
DBS0236990	DDB_G0288755
DBS0236185	DDB_G0267398
DBS0236910	DDB_G0280963
DBS0235922	DDB_G0273051
DBS0236005	DDB_G0278723
DBS0236913	DDB_G0271916
DBS0236912	DDB_G0271916
DBS0236540	DDB_G0271916
DBS0236540	DDB_G0275687
DBS0236540	DDB_G0275689
DBS0235420	DDB_G0273175
DBS0235420	DDB_G0281663
DBS0235423	DDB_G0274597
DBS0235423	DDB_G0281663
DBS0235421	DDB_G0273175
DBS0235421	DDB_G0274597
DBS0235422	DDB_G0269248
DBS0235422	DDB_G0273175
DBS0235422	DDB_G0274597
DBS0235419	DDB_G0269248
DBS0235419	DDB_G0273175
DBS0235419	DDB_G0274597
DBS0235419	DDB_G0281663
DBS0235417	DDB_G0269248
DBS0235417	DDB_G0273175
DBS0235417	DDB_G0274597
DBS0235417	DDB_G0284363
DBS0235416	DDB_G0269248
DBS0235416	DDB_G0273175
DBS0235416	DDB_G0274597
DBS0235416	DDB_G0284363
DBS0235509	DDB_G0281663
DBS0235510	DDB_G0281663
DBS0236921	DDB_G0288511
DBS0236922	DDB_G0288511
DBS0235917	DDB_G0288047
DBS0235918	DDB_G0288047
DBS0236906	DDB_G0289659
DBS0236907	DDB_G0289659
DBS0236909	DDB_G0291249
DBS0236908	DDB_G0291249
DBS0236153	DDB_G0283023
DBS0236154	DDB_G0283023
DBS0236163	DDB_G0294407
DBS0236955	DDB_G0269160
DBS0236765	DDB_G0278727
DBS0236765	DDB_G0286557
DBS0236794	DDB_G0292736
DBS0236793	DDB_G0292736
DBS0236795	DDB_G0292736
DBS0236762	DDB_G0292850
DBS0236764	DDB_G0293848
DBS0236734	DDB_G0289121
DBS0236000	DDB_G0275009
DBS0236000	DDB_G0276269
DBS0235992	DDB_G0274383
DBS0235992	DDB_G0276027
DBS0235991	DDB_G0274383
DBS0235997	DDB_G0282373
DBS0235993	DDB_G0276027
DBS0235995	DDB_G0291079
DBS0235996	DDB_G0282373
DBS0235996	DDB_G0291079
DBS0235428	DDB_G0273447
DBS0237096	DDB_G0273447
DBS0237174	DDB_G0288679
DBS0237115	DDB_G0273447
DBS0237113	DDB_G0273447
DBS0237114	DDB_G0273447
DBS0237201	DDB_G0288679
DBS0237172	DDB_G0288679
DBS0236877	DDB_G0290551
DBS0235561	DDB_G0288769
DBS0235915	DDB_G0284411
DBS0235464	DDB_G0283903
DBS0236796	DDB_G0279483
DBS0236798	DDB_G0279483
DBS0235538	DDB_G0279483
DBS0235412	DDB_G0279921
DBS0235414	DDB_G0279921
DBS0235965	DDB_G0268144
DBS0236074	DDB_G0268144
DBS0237008	DDB_G0280537
DBS0236991	DDB_G0270658
DBS0236992	DDB_G0270658
DBS0236993	DDB_G0270658
DBS0236189	DDB_G0271144
DBS0235632	DDB_G0271144
DBS0235632	DDB_G0283539
DBS0236566	DDB_G0277859
DBS0236567	DDB_G0276077
DBS0236916	DDB_G0276077
DBS0236517	DDB_G0292592
DBS0236594	DDB_G0292262
DBS0236120	DDB_G0277987
DBS0236572	DDB_G0281969
DBS0237180	DDB_G0276973
DBS0235600	DDB_G0276893
DBS0236387	DDB_G0286355
DBS0235963	DDB_G0290077
DBS0236538	DDB_G0290077
DBS0235964	DDB_G0289117
DBS0236166	DDB_G0289327
DBS0236855	DDB_G0275065
DBS0236855	DDB_G0281385
DBS0236172	DDB_G0267382
DBS0236173	DDB_G0267382
DBS0236174	DDB_G0267382
DBS0235913	DDB_G0275065
DBS0236597	DDB_G0274519
DBS0236599	DDB_G0274519
DBS0236599	DDB_G0287855
DBS0235409	DDB_G0267446
DBS0237052	DDB_G0293834
DBS0237051	DDB_G0293834
DBS0236075	DDB_G0293834
DBS0235994	DDB_G0291079
DBS0236386	DDB_G0279925
DBS0235513	DDB_G0288163
DBS0235899	DDB_G0278971
DBS0235899	DDB_G0291372
DBS0236699	DDB_G0271504
DBS0236009	DDB_G0269222
DBS0236868	DDB_G0282381
DBS0236869	DDB_G0289667
DBS0236870	DDB_G0269252
DBS0236871	DDB_G0276371
DBS0236011	DDB_G0272032
DBS0236519	DDB_G0269150
DBS0236521	DDB_G0271504
DBS0236522	DDB_G0280971
DBS0236523	DDB_G0271502
DBS0236524	DDB_G0282925
DBS0236525	DDB_G0284333
DBS0236845	DDB_G0276967
DBS0236847	DDB_G0276967
DBS0236846	DDB_G0276967
DBS0236848	DDB_G0276967
DBS0235408	DDB_G0271738
DBS0236282	DDB_G0272106
DBS0237309	DDB_G0272754
DBS0237153	DDB_G0272754
DBS0237149	DDB_G0290015
DBS0237150	DDB_G0290015
DBS0236555	DDB_G0291231
DBS0236554	DDB_G0291231
DBS0236553	DDB_G0291231
DBS0236118	DDB_G0283005
DBS0236119	DDB_G0283005
DBS0236117	DDB_G0283005
DBS0235614	DDB_G0293898
DBS0235667	DDB_G0281825
DBS0235619	DDB_G0283345
DBS0235620	DDB_G0281571
DBS0235621	DDB_G0273257
DBS0235622	DDB_G0292270
DBS0235623	DDB_G0280547
DBS0236164	DDB_G0294407
DBS0236155	DDB_G0283023
DBS0236156	DDB_G0283023
DBS0236071	DDB_G0282987
DBS0236158	DDB_G0282987
DBS0236157	DDB_G0282987
DBS0236070	DDB_G0283023
DBS0236152	DDB_G0283023
DBS0236159	DDB_G0282987
DBS0236536	DDB_G0272524
DBS0236936	DDB_G0293364
DBS0236937	DDB_G0267474
DBS0236559	DDB_G0282615
DBS0236034	DDB_G0268448
DBS0236035	DDB_G0280481
DBS0236036	DDB_G0270744
DBS0236037	DDB_G0292186
DBS0236038	DDB_G0279005
DBS0236041	DDB_G0277179
DBS0236042	DDB_G0276689
DBS0236043	DDB_G0276221
DBS0236044	DDB_G0278315
DBS0236045	DDB_G0277575
DBS0236046	DDB_G0268158
DBS0235613	DDB_G0283115
DBS0235429	DDB_G0281545
DBS0236949	DDB_G0290009
DBS0236506	DDB_G0275157
DBS0236171	DDB_G0267382
DBS0235653	DDB_G0288771
DBS0236595	DDB_G0292262
DBS0236596	DDB_G0274519
DBS0236797	DDB_G0279483
DBS0236703	DDB_G0269160
DBS0236701	DDB_G0269160
DBS0237022	DDB_G0286797
DBS0236121	DDB_G0269424
DBS0236980	DDB_G0269190
DBS0237235	DDB_G0269190
DBS0236068	DDB_G0273107
DBS0236066	DDB_G0273107
DBS0235947	DDB_G0283327
DBS0235948	DDB_G0283327
DBS0235444	DDB_G0283327
DBS0235445	DDB_G0283327
DBS0235634	DDB_G0284597
DBS0236432	DDB_G0293434
DBS0236431	DDB_G0293434
DBS0236872	DDB_G0283537
DBS0236435	DDB_G0285253
DBS0236923	DDB_G0287855
DBS0237031	DDB_G0289485
DBS0237032	DDB_G0279191
DBS0237216	DDB_G0279191
DBS0236004	DDB_G0278723
DBS0235664	DDB_G0291992
DBS0235673	DDB_G0269126
DBS0235665	DDB_G0269232
DBS0236513	DDB_G0279909
DBS0236704	DDB_G0280053
DBS0235471	DDB_G0279735
DBS0235471	DDB_G0283605
DBS0236835	DDB_G0279735
DBS0237112	DDB_G0284411
DBS0237057	DDB_G0267426
DBS0236600	DDB_G0274519
DBS0236600	DDB_G0285253
DBS0236780	DDB_G0287855
DBS0236781	DDB_G0285253
DBS0236781	DDB_G0287855
DBS0236926	DDB_G0285253
DBS0236379	DDB_G0286355
DBS0235415	DDB_G0280975
DBS0237170	DDB_G0288679
DBS0237173	DDB_G0288679
DBS0237168	DDB_G0288679
DBS0237169	DDB_G0288679
DBS0237171	DDB_G0288679
DBS0236928	DDB_G0289257
DBS0236165	DDB_G0268632
DBS0236170	DDB_G0286355
DBS0236178	DDB_G0290481
DBS0236180	DDB_G0290481
DBS0235598	DDB_G0289483
DBS0235599	DDB_G0276893
DBS0235599	DDB_G0289483
DBS0235499	DDB_G0267424
DBS0235499	DDB_G0277503
DBS0236873	DDB_G0283537
DBS0237108	DDB_G0276887
DBS0236084	DDB_G0290257
DBS0236084	DDB_G0290259
DBS0236084	DDB_G0290261
DBS0236084	DDB_G0290265
DBS0236914	DDB_G0269184
DBS0236915	DDB_G0269184
DBS0236103	DDB_G0286185
DBS0236101	DDB_G0286185
DBS0236102	DDB_G0286185
DBS0236104	DDB_G0286185
DBS0237213	DDB_G0279191
DBS0237212	DDB_G0279191
DBS0237214	DDB_G0279191
DBS0237215	DDB_G0279191
DBS0237211	DDB_G0279191
DBS0236850	DDB_G0269240
DBS0237129	DDB_G0269240
DBS0237128	DDB_G0269178
DBS0237128	DDB_G0269240
DBS0237124	DDB_G0269178
DBS0237124	DDB_G0269240
DBS0237132	DDB_G0269240
DBS0237131	DDB_G0269240
DBS0237126	DDB_G0269178
DBS0237133	DDB_G0267830
DBS0237133	DDB_G0269240
DBS0236901	DDB_G0284611
DBS0236902	DDB_G0284611
DBS0237249	DDB_G0293434
DBS0237151	DDB_G0290015
DBS0237230	DDB_G0285505
DBS0237228	DDB_G0290257
DBS0237228	DDB_G0290259
DBS0236085	DDB_G0290261
DBS0237145	DDB_G0276455
DBS0236106	DDB_G0276455
DBS0237146	DDB_G0284469
DBS0236107	DDB_G0284469
DBS0236108	DDB_G0284469
DBS0236786	DDB_G0290157
DBS0236785	DDB_G0268620
DBS0236785	DDB_G0290157
DBS0236791	DDB_G0290157
DBS0236790	DDB_G0268620
DBS0236790	DDB_G0290157
DBS0236787	DDB_G0268620
DBS0236787	DDB_G0290157
DBS0236789	DDB_G0290157
DBS0235961	DDB_G0277855
DBS0235962	DDB_G0277855
DBS0235425	DDB_G0277855
DBS0235425	DDB_G0279081
DBS0235570	DDB_G0288179
DBS0236113	DDB_G0291356
DBS0236114	DDB_G0272110
DBS0236115	DDB_G0272110
DBS0237167	DDB_G0278737
DBS0237127	DDB_G0269240
DBS0236857	DDB_G0281385
DBS0236857	DDB_G0292996
DBS0237273	DDB_G0279407
DBS0237293	DDB_G0281385
DBS0235569	DDB_G0273397
DBS0235569	DDB_G0277829
DBS0235569	DDB_G0281385
DBS0236110	DDB_G0277143
DBS0236110	DDB_G0281385
DBS0236100	DDB_G0276267
DBS0236100	DDB_G0281385
DBS0236013	DDB_G0274607
DBS0236862	DDB_G0293434
DBS0236863	DDB_G0293434
DBS0236858	DDB_G0281385
DBS0236858	DDB_G0293434
DBS0237155	DDB_G0288181
DBS0237156	DDB_G0288181
DBS0237154	DDB_G0288181
DBS0237197	DDB_G0279737
DBS0236493	DDB_G0284181
DBS0237117	DDB_G0284181
DBS0237236	DDB_G0280815
DBS0237199	DDB_G0280815
DBS0235505	DDB_G0289247
DBS0236520	DDB_G0269150
DBS0235456	DDB_G0268632
DBS0235456	DDB_G0269100
DBS0235601	DDB_G0277403
DBS0237223	DDB_G0277221
DBS0235593	DDB_G0277221
DBS0235920	DDB_G0274101
DBS0237176	DDB_G0292262
DBS0237177	DDB_G0292262
DBS0237178	DDB_G0292262
DBS0237175	DDB_G0292262
DBS0236851	DDB_G0291237
DBS0237048	DDB_G0291075
DBS0237049	DDB_G0291075
DBS0236129	DDB_G0275173
DBS0236130	DDB_G0275173
DBS0236131	DDB_G0275173
DBS0236131	DDB_G0291075
DBS0237050	DDB_G0275173
DBS0237050	DDB_G0291075
DBS0235970	DDB_G0285589
DBS0235971	DDB_G0285589
DBS0235662	DDB_G0285589
DBS0236073	DDB_G0289541
DBS0237034	DDB_G0289541
DBS0237033	DDB_G0289541
DBS0236112	DDB_G0291356
DBS0236069	DDB_G0291356
DBS0235703	DDB_G0280961
DBS0235703	DDB_G0283907
DBS0236925	DDB_G0285253
DBS0236935	DDB_G0287363
DBS0235457	DDB_G0282009
DBS0235458	DDB_G0282009
DBS0235602	DDB_G0277403
DBS0235607	DDB_G0277403
DBS0235605	DDB_G0277403
DBS0235606	DDB_G0277403
DBS0235603	DDB_G0277403
DBS0235604	DDB_G0277403
DBS0236861	DDB_G0292996
DBS0235426	DDB_G0269100
DBS0236358	DDB_G0276887
DBS0236984	DDB_G0280531
DBS0236984	DDB_G0289073
DBS0236927	DDB_G0285253
DBS0236927	DDB_G0285589
DBS0235989	DDB_G0280199
DBS0236989	DDB_G0280531
DBS0236989	DDB_G0289073
DBS0235976	DDB_G0277721
DBS0235980	DDB_G0269224
DBS0235978	DDB_G0269224
DBS0235978	DDB_G0277721
DBS0237194	DDB_G0267420
DBS0236049	DDB_G0268012
DBS0235717	DDB_G0277887
DBS0235718	DDB_G0277887
DBS0235710	DDB_G0277887
DBS0235982	DDB_G0269224
DBS0235979	DDB_G0277721
DBS0235977	DDB_G0277721
DBS0235981	DDB_G0269224
DBS0235711	DDB_G0277887
DBS0235716	DDB_G0277887
DBS0235713	DDB_G0277887
DBS0235715	DDB_G0277887
DBS0235707	DDB_G0277887
DBS0235705	DDB_G0277887
DBS0235712	DDB_G0277887
DBS0235709	DDB_G0277887
DBS0236856	DDB_G0281385
DBS0236856	DDB_G0288485
DBS0235714	DDB_G0277887
DBS0235714	DDB_G0284331
DBS0236598	DDB_G0274519
DBS0236598	DDB_G0285589
DBS0235708	DDB_G0277887
DBS0235708	DDB_G0284331
DBS0235706	DDB_G0277887
DBS0235706	DDB_G0284331
DBS0235897	DDB_G0278971
DBS0235909	DDB_G0291372
DBS0235904	DDB_G0291372
DBS0235903	DDB_G0278971
DBS0235903	DDB_G0291372
DBS0235896	DDB_G0278971
DBS0235896	DDB_G0291372
DBS0236777	DDB_G0288485
DBS0235907	DDB_G0291372
DBS0235908	DDB_G0291372
DBS0235905	DDB_G0291372
DBS0236072	DDB_G0267690
DBS0236421	DDB_G0267690
DBS0236423	DDB_G0267690
DBS0236423	DDB_G0268616
DBS0236547	DDB_G0267690
DBS0236547	DDB_G0286355
DBS0236422	DDB_G0267690
DBS0236422	DDB_G0286355
DBS0237181	DDB_G0269160
DBS0235443	DDB_G0284261
DBS0236702	DDB_G0269160
DBS0236702	DDB_G0284261
DBS0235906	DDB_G0291372
DBS0235902	DDB_G0291372
DBS0236886	DDB_G0282923
DBS0235442	DDB_G0279483
DBS0237210	DDB_G0289485
DBS0235573	DDB_G0292386
DBS0236581	DDB_G0276617
DBS0236581	DDB_G0289117
DBS0236585	DDB_G0276617
DBS0236053	DDB_G0270636
DBS0236054	DDB_G0268328
DBS0236055	DDB_G0283355
DBS0236056	DDB_G0275861
DBS0236057	DDB_G0289943
DBS0236058	DDB_G0285175
DBS0236059	DDB_G0286315
DBS0237152	DDB_G0290015
DBS0236593	DDB_G0272112
DBS0237222	DDB_G0284363
DBS0237099	DDB_G0284363
DBS0236953	DDB_G0269364
DBS0236954	DDB_G0290853
DBS0236878	DDB_G0286961
DBS0236879	DDB_G0286961
DBS0237106	DDB_G0274191
DBS0237019	DDB_G0269152
DBS0237019	DDB_G0276353
DBS0236434	DDB_G0270666
DBS0235586	DDB_G0277221
DBS0236511	DDB_G0279909
DBS0236512	DDB_G0279909
DBS0237310	DDB_G0279909
DBS0235587	DDB_G0277221
DBS0236849	DDB_G0269178
DBS0237110	DDB_G0269178
DBS0237316	DDB_G0269178
DBS0237317	DDB_G0269178
DBS0237111	DDB_G0269178
DBS0235588	DDB_G0277221
DBS0235588	DDB_G0286355
DBS0235590	DDB_G0277221
DBS0235591	DDB_G0277221
DBS0235592	DDB_G0277221
DBS0235589	DDB_G0277221
DBS0237107	DDB_G0284411
DBS0236735	DDB_G0289121
DBS0237186	DDB_G0289121
DBS0237187	DDB_G0289121
DBS0237292	DDB_G0281385
DBS0236492	DDB_G0284181
DBS0237248	DDB_G0293434
DBS0237311	DDB_G0276967
DBS0235942	DDB_G0269132
DBS0235943	DDB_G0269132
DBS0235941	DDB_G0277853
DBS0235921	DDB_G0272110
DBS0235921	DDB_G0274387
DBS0235956	DDB_G0276887
DBS0235957	DDB_G0276887
DBS0235958	DDB_G0276887
DBS0235954	DDB_G0276887
DBS0235954	DDB_G0277853
DBS0235955	DDB_G0267412
DBS0235955	DDB_G0276887
DBS0237204	DDB_G0276883
DBS0235631	DDB_G0283539
DBS0236549	DDB_G0279415
DBS0236549	DDB_G0286355
DBS0237179	DDB_G0278737
DBS0236503	DDB_G0279415
DBS0236504	DDB_G0279415
DBS0236505	DDB_G0279415
DBS0237118	DDB_G0279415
DBS0237254	DDB_G0276267
DBS0236098	DDB_G0276267
DBS0236094	DDB_G0276267
DBS0236550	DDB_G0286355
DBS0236551	DDB_G0286355
DBS0237162	DDB_G0267442
DBS0237161	DDB_G0267442
DBS0235576	DDB_G0267442
DBS0235577	DDB_G0267442
DBS0235578	DDB_G0267442
DBS0237274	DDB_G0267490
DBS0236557	DDB_G0291231
DBS0236556	DDB_G0290687
DBS0236556	DDB_G0291231
DBS0237203	DDB_G0289115
DBS0236842	DDB_G0293526
DBS0237100	DDB_G0293526
DBS0237101	DDB_G0293526
DBS0237276	DDB_G0277987
DBS0237284	DDB_G0277987
DBS0237286	DDB_G0277987
DBS0237285	DDB_G0277987
DBS0237287	DDB_G0277987
DBS0237224	DDB_G0275007
DBS0235617	DDB_G0281825
DBS0235924	DDB_G0273063
DBS0237295	DDB_G0277855
DBS0235424	DDB_G0279081
DBS0235704	DDB_G0277845
DBS0236425	DDB_G0285505
DBS0235986	DDB_G0287031
DBS0236950	DDB_G0281387
DBS0236578	DDB_G0280039
DBS0236578	DDB_G0289117
DBS0236494	DDB_G0281555
DBS0236582	DDB_G0276617
DBS0236582	DDB_G0289117
DBS0236894	DDB_G0283389
DBS0236576	DDB_G0280039
DBS0237255	DDB_G0283767
DBS0236579	DDB_G0289117
DBS0235474	DDB_G0275451
DBS0235488	DDB_G0275451
DBS0235475	DDB_G0275451
DBS0235487	DDB_G0275451
DBS0235482	DDB_G0275451
DBS0235481	DDB_G0275451
DBS0235485	DDB_G0275451
DBS0235486	DDB_G0275451
DBS0235483	DDB_G0275451
DBS0235484	DDB_G0275451
DBS0235477	DDB_G0275451
DBS0235473	DDB_G0293850
DBS0235476	DDB_G0275451
DBS0236885	DDB_G0278737
DBS0237166	DDB_G0278737
DBS0236884	DDB_G0278737
DBS0236552	DDB_G0286355
DBS0237164	DDB_G0278737
DBS0236882	DDB_G0278737
DBS0236883	DDB_G0278737
DBS0237165	DDB_G0278737
DBS0237163	DDB_G0278737
DBS0236881	DDB_G0278737
DBS0236039	DDB_G0268678
DBS0236040	DDB_G0274247
DBS0237027	DDB_G0289037
DBS0236050	DDB_G0287513
DBS0236047	DDB_G0272190
DBS0236048	DDB_G0279223
DBS0236051	DDB_G0282801
DBS0236052	DDB_G0287365
DBS0236933	DDB_G0284545
DBS0236932	DDB_G0272522
DBS0236932	DDB_G0284545
DBS0237193	DDB_G0272522
DBS0236014	DDB_G0274605
DBS0235500	DDB_G0267424
DBS0235500	DDB_G0274191
DBS0236890	DDB_G0267424
DBS0236890	DDB_G0284331
DBS0237026	DDB_G0275021
DBS0235501	DDB_G0267424
DBS0235501	DDB_G0284465
DBS0235502	DDB_G0267424
DBS0235502	DDB_G0284465
DBS0235503	DDB_G0267424
DBS0235503	DDB_G0284465
DBS0236571	DDB_G0275445
DBS0236570	DDB_G0275445
DBS0236587	DDB_G0275447
DBS0237237	DDB_G0275493
DBS0237093	DDB_G0276025
DBS0237238	DDB_G0280043
DBS0237240	DDB_G0280043
DBS0237239	DDB_G0280043
DBS0236586	DDB_G0276617
DBS0237241	DDB_G0276399
DBS0237242	DDB_G0276399
DBS0236952	DDB_G0277147
DBS0235563	DDB_G0277501
DBS0235633	DDB_G0278077
DBS0236577	DDB_G0280039
DBS0235478	DDB_G0275451
DBS0235479	DDB_G0275451
DBS0235480	DDB_G0275451
DBS0235514	DDB_G0273213
DBS0235640	DDB_G0291972
DBS0235642	DDB_G0291972
DBS0235641	DDB_G0291972
DBS0235643	DDB_G0283907
DBS0235643	DDB_G0291972
DBS0235937	DDB_G0289389
DBS0235944	DDB_G0291291
DBS0235969	DDB_G0287295
DBS0235966	DDB_G0279607
DBS0235968	DDB_G0282297
DBS0235967	DDB_G0279607
DBS0235967	DDB_G0282297
DBS0236012	DDB_G0290901
DBS0236078	DDB_G0291123
DBS0236081	DDB_G0291241
DBS0236590	DDB_G0274455
DBS0236591	DDB_G0274455
DBS0236592	DDB_G0274455
DBS0236947	DDB_G0276155
DBS0236589	DDB_G0274455
DBS0235489	DDB_G0275123
DBS0235615	DDB_G0291970
DBS0237102	DDB_G0277833
DBS0237257	DDB_G0277833
DBS0235616	DDB_G0272568
DBS0235651	DDB_G0267460
DBS0235660	DDB_G0284187
DBS0235695	DDB_G0277223
DBS0237105	DDB_G0277223
DBS0235983	DDB_G0284467
DBS0236792	DDB_G0267392
DBS0236558	DDB_G0290687
DBS0235637	DDB_G0277841
DBS0235677	DDB_G0272108
DBS0235679	DDB_G0281559
DBS0235680	DDB_G0289175
DBS0235681	DDB_G0293192
DBS0236563	DDB_G0290723
DBS0235914	DDB_G0281167
DBS0236495	DDB_G0286303
DBS0236604	DDB_G0275711
DBS0235684	DDB_G0277843
DBS0235685	DDB_G0271500
DBS0236076	DDB_G0274103
DBS0235688	DDB_G0280959
DBS0237045	DDB_G0267394
DBS0236605	DDB_G0275711
DBS0236565	DDB_G0288249
DBS0236934	DDB_G0283267
DBS0236945	DDB_G0283385
DBS0236887	DDB_G0276073
DBS0235690	DDB_G0277397
DBS0235691	DDB_G0274577
DBS0237134	DDB_G0272324
DBS0237135	DDB_G0272324
DBS0235959	DDB_G0294376
DBS0235946	DDB_G0269164
DBS0235693	DDB_G0278965
DBS0235919	DDB_G0291974
DBS0236162	DDB_G0281949
DBS0235960	DDB_G0269242
DBS0236099	DDB_G0276267
DBS0236096	DDB_G0276267
DBS0236097	DDB_G0276267
DBS0236088	DDB_G0283349
DBS0237229	DDB_G0283349
DBS0237136	DDB_G0283349
DBS0237251	DDB_G0283349
DBS0237252	DDB_G0283349
DBS0237253	DDB_G0283349
DBS0236087	DDB_G0283349
DBS0236091	DDB_G0283349
DBS0236089	DDB_G0283349
DBS0236090	DDB_G0283349
DBS0236092	DDB_G0283349
DBS0236093	DDB_G0283349
DBS0236109	DDB_G0283419
DBS0236498	DDB_G0286825
DBS0235618	DDB_G0271692
DBS0236516	DDB_G0294094
DBS0236543	DDB_G0269152
DBS0236560	DDB_G0285427
DBS0237191	DDB_G0293526
DBS0236771	DDB_G0277399
DBS0235719	DDB_G0276947
DBS0235719	DDB_G0285431
DBS0235652	DDB_G0285161
DBS0237104	DDB_G0285161
DBS0236736	DDB_G0274383
DBS0235916	DDB_G0288047
DBS0236772	DDB_G0278727
DBS0236774	DDB_G0283081
DBS0236776	DDB_G0275011
DBS0236778	DDB_G0289601
DBS0236095	DDB_G0276267
DBS0236095	DDB_G0278723
DBS0236384	DDB_G0283903
DBS0236382	DDB_G0283903
DBS0236775	DDB_G0283081
DBS0236773	DDB_G0278727
DBS0236773	DDB_G0283081
DBS0236782	DDB_G0278723
DBS0236782	DDB_G0283907
DBS0237190	DDB_G0278723
DBS0237190	DDB_G0279413
DBS0237189	DDB_G0279413
DBS0235949	DDB_G0283903
DBS0235949	DDB_G0284331
DBS0237275	DDB_G0288755
DBS0236755	DDB_G0267444
DBS0236758	DDB_G0283699
DBS0236008	DDB_G0284329
DBS0236008	DDB_G0284611
DBS0236759	DDB_G0283699
DBS0237123	DDB_G0283699
DBS0236010	DDB_G0269222
DBS0236010	DDB_G0283537
DBS0237277	DDB_G0285425
DBS0236760	DDB_G0283699
DBS0236976	DDB_G0290481
DBS0236770	DDB_G0277399
DBS0236769	DDB_G0277399
DBS0236768	DDB_G0277399
DBS0236768	DDB_G0285161
DBS0236710	DDB_G0276459
DBS0236714	DDB_G0276459
DBS0236712	DDB_G0276459
DBS0236711	DDB_G0276459
DBS0236713	DDB_G0276459
DBS0236718	DDB_G0267450
DBS0236722	DDB_G0267450
DBS0236721	DDB_G0267450
DBS0236717	DDB_G0267450
DBS0236719	DDB_G0267450
DBS0236723	DDB_G0267450
DBS0236724	DDB_G0267450
DBS0236720	DDB_G0267450
DBS0237282	DDB_G0267450
DBS0236763	DDB_G0292850
DBS0235628	DDB_G0280983
DBS0237091	DDB_G0280983
DBS0237091	DDB_G0283605
DBS0237036	DDB_G0289541
DBS0236930	DDB_G0276269
DBS0235441	DDB_G0274569
DBS0236974	DDB_G0282363
DBS0236974	DDB_G0286119
DBS0236001	DDB_G0276269
DBS0236859	DDB_G0292996
DBS0237040	DDB_G0289541
DBS0237200	DDB_G0289541
DBS0235440	DDB_G0274569
DBS0237281	DDB_G0275157
DBS0237038	DDB_G0289541
DBS0237037	DDB_G0289541
DBS0237039	DDB_G0289541
DBS0236580	DDB_G0289117
DBS0236569	DDB_G0294046
DBS0236583	DDB_G0275447
DBS0236583	DDB_G0289117
DBS0237192	DDB_G0290551
DBS0235925	DDB_G0281381
DBS0236082	DDB_G0287271
DBS0235998	DDB_G0282373
DBS0235926	DDB_G0281381
DBS0235928	DDB_G0281381
DBS0235930	DDB_G0281381
DBS0235929	DDB_G0281381
DBS0235931	DDB_G0268638
DBS0235927	DDB_G0268638
DBS0235927	DDB_G0281381
DBS0235932	DDB_G0268638
DBS0235932	DDB_G0293532
DBS0235933	DDB_G0268638
DBS0235574	DDB_G0269108
DBS0235498	DDB_G0267424
DBS0236832	DDB_G0273097
DBS0237290	DDB_G0273097
DBS0236833	DDB_G0277865
DBS0237291	DDB_G0277865
DBS0235636	DDB_G0279797
DBS0235940	DDB_G0283607
DBS0237226	DDB_G0285431
DBS0237205	DDB_G0285431
DBS0237247	DDB_G0291237
DBS0237227	DDB_G0291253
DBS0236303	DDB_G0292206
DBS0235939	DDB_G0281827
DBS0236828	DDB_G0267410
DBS0237243	DDB_G0268622
DBS0237244	DDB_G0268622
DBS0237245	DDB_G0268622
DBS0236584	DDB_G0275447
DBS0236584	DDB_G0276617
DBS0236584	DDB_G0289117
DBS0237246	DDB_G0268622
DBS0236836	DDB_G0268628
DBS0235575	DDB_G0270210
DBS0236931	DDB_G0272522
DBS0236707	DDB_G0269166
DBS0236706	DDB_G0269166
DBS0236728	DDB_G0274109
DBS0236752	DDB_G0285845
DBS0236753	DDB_G0285845
DBS0236754	DDB_G0285845
DBS0236729	DDB_G0274109
DBS0236729	DDB_G0284863
DBS0236502	DDB_G0274109
DBS0236502	DDB_G0284863
DBS0236730	DDB_G0274109
DBS0236731	DDB_G0274109
DBS0236732	DDB_G0274109
DBS0237299	DDB_G0270366
DBS0237300	DDB_G0270368
DBS0237301	DDB_G0271700
DBS0237302	DDB_G0290225
DBS0237303	DDB_G0279609
DBS0237304	DDB_G0273449
DBS0237305	DDB_G0293762
DBS0237306	DDB_G0290063
DBS0237307	DDB_G0291330
DBS0236032	DDB_G0279163
DBS0237308	DDB_G0286015
DBS0237312	DDB_G0270140
DBS0237297	DDB_G0284759
DBS0237298	DDB_G0293116
DBS0237296	DDB_G0275069
DBS0237313	DDB_G0289207
DBS0237314	DDB_G0289253
DBS0237231	DDB_G0282359
DBS0237234	DDB_G0287587
DBS0237233	DDB_G0271916
DBS0236874	DDB_G0270140
DBS0236019	DDB_G0281735
DBS0236020	DDB_G0281735
DBS0236080	DDB_G0286015
DBS0236079	DDB_G0286015
DBS0236021	DDB_G0284759
DBS0236022	DDB_G0284759
DBS0236023	DDB_G0293116
DBS0236024	DDB_G0293116
DBS0236025	DDB_G0270366
DBS0236026	DDB_G0270368
DBS0236027	DDB_G0290225
DBS0236028	DDB_G0279609
DBS0236029	DDB_G0279609
DBS0236030	DDB_G0293762
DBS0236031	DDB_G0291330
DBS0236033	DDB_G0279163
DBS0236940	DDB_G0274597
DBS0236940	DDB_G0287587
DBS0237318	DDB_G0286557
DBS0236834	DDB_G0282145
DBS0237218	DDB_G0282145
DBS0237219	DDB_G0282145
DBS0236838	DDB_G0280041
DBS0236839	DDB_G0273259
DBS0237278	DDB_G0286553
DBS0237279	DDB_G0286553
DBS0237280	DDB_G0286553
DBS0236169	DDB_G0268632
DBS0236169	DDB_G0269100
DBS0236169	DDB_G0289327
DBS0235895	DDB_G0278971
DBS0236824	DDB_G0293524
DBS0236825	DDB_G0293524
DBS0236741	DDB_G0291081
DBS0236744	DDB_G0293530
DBS0236742	DDB_G0291081
DBS0236742	DDB_G0293530
DBS0236889	DDB_G0284331
DBS0237288	DDB_G0269230
DBS0237288	DDB_G0273251
DBS0237188	DDB_G0279413
DBS0237116	DDB_G0272520
DBS0236509	DDB_G0275157
DBS0236509	DDB_G0286553
DBS0236508	DDB_G0275157
DBS0236508	DDB_G0286553
DBS0236507	DDB_G0267490
DBS0236507	DDB_G0275157
DBS0236507	DDB_G0286553
DBS0236864	DDB_G0292998
DBS0236864	DDB_G0293434
DBS0236865	DDB_G0292996
DBS0236865	DDB_G0293434
DBS0237283	DDB_G0292998
DBS0236852	DDB_G0292998
DBS0236893	DDB_G0287585
DBS0236911	DDB_G0271916
DBS0236964	DDB_G0293002
DBS0236971	DDB_G0293002
DBS0236973	DDB_G0293002
DBS0236972	DDB_G0293002
DBS0236966	DDB_G0293002
DBS0236969	DDB_G0293002
DBS0236977	DDB_G0287505
DBS0236978	DDB_G0287505
DBS0237024	DDB_G0284865
DBS0237025	DDB_G0291239
DBS0237089	DDB_G0283605
DBS0237090	DDB_G0283605
DBS0235625	DDB_G0283535
DBS0237258	DDB_G0289361
DBS0237259	DDB_G0284597
DBS0237261	DDB_G0293006
DBS0237263	DDB_G0276829
DBS0237265	DDB_G0285433
DBS0237266	DDB_G0290263
DBS0237267	DDB_G0283905
DBS0237268	DDB_G0275011
DBS0237268	DDB_G0278727
DBS0237269	DDB_G0275011
DBS0237269	DDB_G0283081
DBS0237270	DDB_G0291237
DBS0237272	DDB_G0280815
DBS0235427	DDB_G0287291
DBS0237206	DDB_G0269150
DBS0237208	DDB_G0269150
DBS0237207	DDB_G0269150
DBS0236518	DDB_G0269150
DBS0237119	DDB_G0269150
DBS0236761	DDB_G0269130
DBS0236761	DDB_G0269150
DBS0237209	DDB_G0268616
DBS0237160	DDB_G0268616
DBS0237256	DDB_G0273059
DBS0237143	DDB_G0276267
DBS0236820	DDB_G0293522
DBS0237139	DDB_G0276267
DBS0237140	DDB_G0276267
DBS0237137	DDB_G0276267
DBS0237097	DDB_G0273059
DBS0237144	DDB_G0276267
DBS0237138	DDB_G0276267
DBS0235638	DDB_G0291227
DBS0236821	DDB_G0293522
DBS0237260	DDB_G0276493
DBS0237262	DDB_G0282987
DBS0237262	DDB_G0283023
DBS0235672	DDB_G0276029
DBS0236929	DDB_G0274107
DBS0235671	DDB_G0284037
DBS0237094	DDB_G0286985
DBS0237054	DDB_G0269198
DBS0237055	DDB_G0269198
DBS0236733	DDB_G0293196
DBS0236799	DDB_G0272835
DBS0237271	DDB_G0279737
DBS0236829	DDB_G0270784
DBS0237289	DDB_G0270784
DBS0235674	DDB_G0277719
DBS0236514	DDB_G0276763
DBS0236822	DDB_G0282291
DBS0235676	DDB_G0286351
DBS0235669	DDB_G0285421
DBS0237130	DDB_G0269240
DBS0235675	DDB_G0281953
DBS0235686	DDB_G0269128
DBS0235687	DDB_G0276463
DBS0236898	DDB_G0273397
DBS0236888	DDB_G0293904
DBS0236561	DDB_G0285427
DBS0236561	DDB_G0286119
DBS0236562	DDB_G0285427
DBS0236562	DDB_G0286121
DBS0236892	DDB_G0284331
DBS0236892	DDB_G0286121
DBS0236891	DDB_G0284331
DBS0236891	DDB_G0286119
DBS0236564	DDB_G0283265
DBS0237148	DDB_G0283419
DBS0237158	DDB_G0283265
DBS0237147	DDB_G0283419
DBS0237157	DDB_G0283265
DBS0237159	DDB_G0283265
DBS0236491	DDB_G0267630
DBS0236756	DDB_G0267444
DBS0236757	DDB_G0267444
DBS0236499	DDB_G0284863
DBS0236588	DDB_G0289177
DBS0236705	DDB_G0269166
DBS0235659	DDB_G0283095
DBS0237182	DDB_G0269166
DBS0237183	DDB_G0269166
DBS0236500	DDB_G0284863
DBS0237294	DDB_G0294090
DBS0237184	DDB_G0269166
DBS0237185	DDB_G0269166
DBS0237202	DDB_G0269166
DBS0236501	DDB_G0284863
DBS0236695	DDB_G0276973
DBS0236328	DDB_G0277863
DBS0235934	DDB_G0268638
DBS0235935	DDB_G0268638
DBS0236424	DDB_G0272837
DBS0235988	DDB_G0285163
DBS0235999	DDB_G0280965
DBS0236478	DDB_G0275323
DBS0237141	DDB_G0276267
DBS0237198	DDB_G0276353
DBS0236903	DDB_G0282293
DBS0235596	DDB_G0267490
DBS0236837	DDB_G0280041
DBS0235975	DDB_G0282923
DBS0237098	DDB_G0288677
DBS0235901	DDB_G0291372
DBS0235694	DDB_G0285423
DBS0236608	DDB_G0289653
DBS0236612	DDB_G0287101
DBS0236613	DDB_G0291117
DBS0236609	DDB_G0289653
DBS0236610	DDB_G0287101
DBS0236610	DDB_G0289653
DBS0236743	DDB_G0293530
DBS0236746	DDB_G0289653
DBS0236746	DDB_G0293530
DBS0237109	DDB_G0278735
DBS0236748	DDB_G0287101
DBS0236748	DDB_G0293530
DBS0236749	DDB_G0291117
DBS0236749	DDB_G0293530
DBS0236745	DDB_G0267460
DBS0236745	DDB_G0293530
DBS0236002	DDB_G0284651
DBS0236611	DDB_G0289653
DBS0236003	DDB_G0284651
DBS0236747	DDB_G0289653
DBS0236747	DDB_G0293530
DBS0237121	DDB_G0269114
DBS0237120	DDB_G0270814
DBS0236489	DDB_G0268258
DBS0236490	DDB_G0268258
DBS0236427	DDB_G0292564
DBS0237264	DDB_G0288375
DBS0236515	DDB_G0288375
DBS0236726	DDB_G0269250
DBS0237122	DDB_G0269250
DBS0236727	DDB_G0269250
DBS0236548	DDB_G0269250
DBS0236548	DDB_G0286355
DBS0236841	DDB_G0279605
DBS0236943	DDB_G0273445
DBS0236943	DDB_G0273531
DBS0236944	DDB_G0273445
DBS0236944	DDB_G0273531
DBS0237195	DDB_G0273445
DBS0237195	DDB_G0273531
DBS0235639	DDB_G0284465
DBS0236946	DDB_G0276155
DBS0236948	DDB_G0276155
DBS0236948	DDB_G0289555
DBS0235511	DDB_G0289555
DBS0235512	DDB_G0289555
DBS0237221	DDB_G0289555
DBS0235508	DDB_G0276945
DBS0235506	DDB_G0277139
DBS0235507	DDB_G0277901
DBS0237095	DDB_G0278685
DBS0235608	DDB_G0278685
DBS0237250	DDB_G0269132
DBS0236963	DDB_G0293002
DBS0236968	DDB_G0293002
DBS0236970	DDB_G0293002
DBS0236965	DDB_G0293002
DBS0236967	DDB_G0293002
DBS0235438	DDB_G0270658
DBS0235437	DDB_G0270658
DBS0235439	DDB_G0270658
DBS0235435	DDB_G0270658
DBS0235431	DDB_G0270658
DBS0235431	DDB_G0293002
DBS0235433	DDB_G0270658
DBS0235433	DDB_G0293002
DBS0235434	DDB_G0270658
DBS0235434	DDB_G0293002
DBS0235432	DDB_G0270658
DBS0235432	DDB_G0293002
DBS0237196	DDB_G0293002
DBS0235436	DDB_G0270658
DBS0235436	DDB_G0293002
DBS0237103	DDB_G0287297
DBS0236381	DDB_G0289483
DBS0237125	DDB_G0269178
DBS0237125	DDB_G0269240
DBS0235973	DDB_G0282923
DBS0237041	DDB_G0291858
DBS0235597	DDB_G0267490
DBS0235597	DDB_G0275157
DBS0235497	DDB_G0277503
